2026-07-11 05:47:19 - train - INFO - ============================================================
2026-07-11 05:47:19 - train - INFO - ILE-BPR Training Started
2026-07-11 05:47:19 - train - INFO - ============================================================
2026-07-11 05:47:19 - train - INFO - Configuration: {'seed': 42, 'deterministic': True, 'dataset': {'name': 'movielens-1m', 'data_dir': './data', 'train_ratio': 0.8, 'min_interactions': 5}, 'model': {'name': 'ile_bpr', 'embedding_dim': 128, 'init_std': 0.01}, 'loss': {'name': 'ile', 'distance': 'std', 'lambda_ile': 0.25, 'eps': 1e-08}, 'training': {'epochs': 200, 'batch_size': 1024, 'learning_rate': 0.0001, 'optimizer': 'adam', 'weight_decay': 0.0, 'num_negatives': 1, 'eval_freq': 10, 'save_freq': 10, 'early_stopping': {'enabled': True, 'patience': 20, 'metric': 'nDCG', 'mode': 'max', 'min_delta': 0.0}}, 'evaluation': {'top_k': 10, 'metrics': ['nDCG', 'UPD', 'AD', 'EE']}, 'logging': {'log_dir': './logs', 'checkpoint_dir': './checkpoints/ile_std', 'use_tensorboard': True, 'log_interval': 100}, 'device': 'auto', 'distributed': False}
2026-07-11 05:47:19 - train - INFO - Early stopping: ENABLED
2026-07-11 05:47:19 - train - INFO -   Patience: 20
2026-07-11 05:47:19 - train - INFO -   Metric: nDCG
2026-07-11 05:47:19 - train - INFO -   Mode: max
2026-07-11 05:47:19 - train - INFO - Loading dataset: movielens-1m
2026-07-11 05:47:19 - train - INFO - Loading preprocessed dataset from ./data/movielens_1m_processed.pkl
2026-07-11 05:47:19 - train - INFO - Dataset loaded: 6040 users, 3416 items
2026-07-11 05:47:19 - train - INFO - Train: 797,275, Test: 202,336
2026-07-11 05:47:19 - train - INFO - Model: ILEBPRModel
2026-07-11 05:47:19 - train - INFO - Parameters: 1,210,368
2026-07-11 05:47:19 - train - INFO - Embedding dim: 128
2026-07-11 05:47:23 - train - INFO - Starting training...
2026-07-11 05:47:23 - train - INFO - Starting training for 200 epochs
2026-07-11 05:47:23 - train - INFO - Model: ILEBPRModel
2026-07-11 05:47:23 - train - INFO - Dataset: movielens-1m
2026-07-11 05:47:23 - train - INFO - Users: 6040, Items: 3416
2026-07-11 05:47:23 - train - INFO - Train interactions: 797,275
2026-07-11 05:47:23 - train - INFO - Use ILE: True
2026-07-11 05:47:23 - train - INFO - Distance: std, λ: 0.25
2026-07-11 06:08:52 - train - INFO - ============================================================
2026-07-11 06:08:52 - train - INFO - ILE-BPR Training Started
2026-07-11 06:08:52 - train - INFO - ============================================================
2026-07-11 06:08:52 - train - INFO - Configuration: {'seed': 42, 'deterministic': True, 'dataset': {'name': 'movielens-1m', 'data_dir': './data', 'train_ratio': 0.8, 'min_interactions': 5}, 'model': {'name': 'ile_bpr', 'embedding_dim': 128, 'init_std': 0.01}, 'loss': {'name': 'ile', 'distance': 'std', 'lambda_ile': 0.25, 'eps': 1e-08}, 'training': {'epochs': 200, 'batch_size': 1024, 'learning_rate': 0.0001, 'optimizer': 'adam', 'weight_decay': 0.0, 'num_negatives': 1, 'eval_freq': 10, 'save_freq': 10, 'early_stopping': {'enabled': True, 'patience': 20, 'metric': 'nDCG', 'mode': 'max', 'min_delta': 0.0}}, 'evaluation': {'top_k': 10, 'metrics': ['nDCG', 'UPD', 'AD', 'EE']}, 'logging': {'log_dir': './logs', 'checkpoint_dir': './checkpoints/ile_std', 'use_tensorboard': True, 'log_interval': 100}, 'device': 'auto', 'distributed': False}
2026-07-11 06:08:52 - train - INFO - Early stopping: ENABLED
2026-07-11 06:08:52 - train - INFO -   Patience: 20
2026-07-11 06:08:52 - train - INFO -   Metric: nDCG
2026-07-11 06:08:52 - train - INFO -   Mode: max
2026-07-11 06:08:52 - train - INFO - Loading dataset: movielens-1m
2026-07-11 06:08:52 - train - INFO - Loading preprocessed dataset from ./data/movielens_1m_processed.pkl
2026-07-11 06:08:52 - train - INFO - Dataset loaded: 6040 users, 3416 items
2026-07-11 06:08:52 - train - INFO - Train: 797,275, Test: 202,336
2026-07-11 06:08:53 - train - INFO - Model: ILEBPRModel
2026-07-11 06:08:53 - train - INFO - Parameters: 1,210,368
2026-07-11 06:08:53 - train - INFO - Embedding dim: 128
2026-07-11 06:08:54 - train - INFO - Starting training...
2026-07-11 06:08:54 - train - INFO - Starting training for 200 epochs
2026-07-11 06:08:54 - train - INFO - Model: ILEBPRModel
2026-07-11 06:08:54 - train - INFO - Dataset: movielens-1m
2026-07-11 06:08:54 - train - INFO - Users: 6040, Items: 3416
2026-07-11 06:08:54 - train - INFO - Train interactions: 797,275
2026-07-11 06:08:54 - train - INFO - Use ILE: True
2026-07-11 06:08:54 - train - INFO - Distance: std, λ: 0.25
2026-07-11 06:08:54 - train - INFO - Batches per epoch: 779
2026-07-11 06:09:13 - train - INFO - Epoch   1/200 | Time:  8.87s | Loss: 0.6931 | BPR: 0.6930 | ILE: 0.0000 | Dist: 0.0002 | L_H: 0.6929 L_M: 0.6931 L_T: 0.6932 | nDCG: 0.1102 | UPD: 0.2685 | AD: 0.9447 | EE: 0.2323
2026-07-11 06:09:13 - train - INFO - Checkpoint saved: ./checkpoints/ile_std/best_model.pt
2026-07-11 06:09:13 - train - INFO -   New best nDCG: 0.1102 (saved as best_model.pt)
2026-07-11 06:09:21 - train - INFO - Epoch   2/200 | Time:  7.84s | Loss: 0.6812 | BPR: 0.6787 | ILE: 0.0025 | L_H: 0.6719 L_M: 0.6900 L_T: 0.6950
2026-07-11 06:09:29 - train - INFO - Epoch   3/200 | Time:  8.10s | Loss: 0.6007 | BPR: 0.5806 | ILE: 0.0200 | L_H: 0.5262 L_M: 0.6702 L_T: 0.7120
2026-07-11 06:09:37 - train - INFO - Epoch   4/200 | Time:  8.05s | Loss: 0.5173 | BPR: 0.4767 | ILE: 0.0404 | L_H: 0.3698 L_M: 0.6529 L_T: 0.7470
2026-07-11 06:09:45 - train - INFO - Epoch   5/200 | Time:  8.03s | Loss: 0.4787 | BPR: 0.4269 | ILE: 0.0515 | L_H: 0.2929 L_M: 0.6471 L_T: 0.7747
2026-07-11 06:09:53 - train - INFO - Epoch   6/200 | Time:  8.10s | Loss: 0.4626 | BPR: 0.4038 | ILE: 0.0585 | L_H: 0.2562 L_M: 0.6457 L_T: 0.8071
2026-07-11 06:10:01 - train - INFO - Epoch   7/200 | Time:  7.88s | Loss: 0.4498 | BPR: 0.3890 | ILE: 0.0604 | L_H: 0.2359 L_M: 0.6402 L_T: 0.8029
2026-07-11 06:10:09 - train - INFO - Epoch   8/200 | Time:  8.04s | Loss: 0.4410 | BPR: 0.3784 | ILE: 0.0622 | L_H: 0.2224 L_M: 0.6338 L_T: 0.8073
2026-07-11 06:10:17 - train - INFO - Epoch   9/200 | Time:  8.11s | Loss: 0.4345 | BPR: 0.3712 | ILE: 0.0628 | L_H: 0.2130 L_M: 0.6303 L_T: 0.8024
2026-07-11 06:10:35 - train - INFO - Epoch  10/200 | Time:  8.13s | Loss: 0.4284 | BPR: 0.3636 | ILE: 0.0643 | Dist: 0.2572 | L_H: 0.2065 L_M: 0.6204 L_T: 0.8133 | nDCG: 0.2191 | UPD: 0.3399 | AD: 0.0697 | EE: 0.0053
2026-07-11 06:10:35 - train - INFO - Checkpoint saved: ./checkpoints/ile_std/checkpoint_epoch_10.pt
2026-07-11 06:10:35 - train - INFO - Checkpoint saved: ./checkpoints/ile_std/best_model.pt
2026-07-11 06:10:35 - train - INFO -   New best nDCG: 0.2191 (saved as best_model.pt)
2026-07-11 06:10:43 - train - INFO - Epoch  11/200 | Time:  8.16s | Loss: 0.4230 | BPR: 0.3578 | ILE: 0.0647 | L_H: 0.2011 L_M: 0.6136 L_T: 0.8132
2026-07-11 06:10:51 - train - INFO - Epoch  12/200 | Time:  7.95s | Loss: 0.4173 | BPR: 0.3520 | ILE: 0.0648 | L_H: 0.1970 L_M: 0.6048 L_T: 0.8108
2026-07-11 06:10:59 - train - INFO - Epoch  13/200 | Time:  8.22s | Loss: 0.4107 | BPR: 0.3466 | ILE: 0.0636 | L_H: 0.1937 L_M: 0.5959 L_T: 0.7964
2026-07-11 06:11:08 - train - INFO - Epoch  14/200 | Time:  8.22s | Loss: 0.4050 | BPR: 0.3412 | ILE: 0.0632 | L_H: 0.1902 L_M: 0.5876 L_T: 0.7889
2026-07-11 06:11:16 - train - INFO - Epoch  15/200 | Time:  8.25s | Loss: 0.3998 | BPR: 0.3359 | ILE: 0.0633 | L_H: 0.1868 L_M: 0.5788 L_T: 0.7879
2026-07-11 06:11:24 - train - INFO - Epoch  16/200 | Time:  8.26s | Loss: 0.3942 | BPR: 0.3313 | ILE: 0.0622 | L_H: 0.1850 L_M: 0.5694 L_T: 0.7740
2026-07-11 06:11:32 - train - INFO - Epoch  17/200 | Time:  8.06s | Loss: 0.3891 | BPR: 0.3273 | ILE: 0.0612 | L_H: 0.1832 L_M: 0.5617 L_T: 0.7622
2026-07-11 06:11:40 - train - INFO - Epoch  18/200 | Time:  8.22s | Loss: 0.3840 | BPR: 0.3226 | ILE: 0.0608 | L_H: 0.1805 L_M: 0.5539 L_T: 0.7559
2026-07-11 06:11:49 - train - INFO - Epoch  19/200 | Time:  8.27s | Loss: 0.3789 | BPR: 0.3185 | ILE: 0.0598 | L_H: 0.1790 L_M: 0.5455 L_T: 0.7462
2026-07-11 06:12:07 - train - INFO - Epoch  20/200 | Time:  8.39s | Loss: 0.3719 | BPR: 0.3133 | ILE: 0.0579 | Dist: 0.2315 | L_H: 0.1764 L_M: 0.5364 L_T: 0.7216 | nDCG: 0.2518 | UPD: 0.3385 | AD: 0.1028 | EE: 0.0078
2026-07-11 06:12:07 - train - INFO - Checkpoint saved: ./checkpoints/ile_std/checkpoint_epoch_20.pt
2026-07-11 06:12:07 - train - INFO - Checkpoint saved: ./checkpoints/ile_std/best_model.pt
2026-07-11 06:12:07 - train - INFO -   New best nDCG: 0.2518 (saved as best_model.pt)
2026-07-11 06:12:15 - train - INFO - Epoch  21/200 | Time:  8.37s | Loss: 0.3680 | BPR: 0.3094 | ILE: 0.0579 | L_H: 0.1744 L_M: 0.5293 L_T: 0.7200
2026-07-11 06:12:23 - train - INFO - Epoch  22/200 | Time:  8.07s | Loss: 0.3637 | BPR: 0.3056 | ILE: 0.0573 | L_H: 0.1732 L_M: 0.5212 L_T: 0.7154
2026-07-11 06:12:32 - train - INFO - Epoch  23/200 | Time:  8.20s | Loss: 0.3605 | BPR: 0.3030 | ILE: 0.0569 | L_H: 0.1717 L_M: 0.5165 L_T: 0.7085
2026-07-11 06:12:40 - train - INFO - Epoch  24/200 | Time:  8.13s | Loss: 0.3548 | BPR: 0.2988 | ILE: 0.0553 | L_H: 0.1697 L_M: 0.5090 L_T: 0.6895
2026-07-11 06:12:48 - train - INFO - Epoch  25/200 | Time:  8.19s | Loss: 0.3514 | BPR: 0.2955 | ILE: 0.0552 | L_H: 0.1683 L_M: 0.5022 L_T: 0.6896
2026-07-11 06:12:56 - train - INFO - Epoch  26/200 | Time:  8.13s | Loss: 0.3471 | BPR: 0.2923 | ILE: 0.0540 | L_H: 0.1670 L_M: 0.4963 L_T: 0.6754
2026-07-11 06:13:04 - train - INFO - Epoch  27/200 | Time:  7.98s | Loss: 0.3434 | BPR: 0.2896 | ILE: 0.0531 | L_H: 0.1660 L_M: 0.4908 L_T: 0.6636
2026-07-11 06:13:12 - train - INFO - Epoch  28/200 | Time:  8.13s | Loss: 0.3395 | BPR: 0.2859 | ILE: 0.0528 | L_H: 0.1648 L_M: 0.4831 L_T: 0.6603
2026-07-11 06:13:20 - train - INFO - Epoch  29/200 | Time:  8.22s | Loss: 0.3352 | BPR: 0.2828 | ILE: 0.0516 | L_H: 0.1630 L_M: 0.4779 L_T: 0.6446
2026-07-11 06:13:38 - train - INFO - Epoch  30/200 | Time:  8.05s | Loss: 0.3322 | BPR: 0.2800 | ILE: 0.0514 | Dist: 0.2055 | L_H: 0.1622 L_M: 0.4716 L_T: 0.6432 | nDCG: 0.2774 | UPD: 0.3351 | AD: 0.1437 | EE: 0.0119
2026-07-11 06:13:38 - train - INFO - Checkpoint saved: ./checkpoints/ile_std/checkpoint_epoch_30.pt
2026-07-11 06:13:38 - train - INFO - Checkpoint saved: ./checkpoints/ile_std/best_model.pt
2026-07-11 06:13:38 - train - INFO -   New best nDCG: 0.2774 (saved as best_model.pt)
2026-07-11 06:13:46 - train - INFO - Epoch  31/200 | Time:  8.11s | Loss: 0.3293 | BPR: 0.2777 | ILE: 0.0507 | L_H: 0.1612 L_M: 0.4674 L_T: 0.6359
2026-07-11 06:13:54 - train - INFO - Epoch  32/200 | Time:  7.89s | Loss: 0.3259 | BPR: 0.2745 | ILE: 0.0505 | L_H: 0.1596 L_M: 0.4614 L_T: 0.6327
2026-07-11 06:14:02 - train - INFO - Epoch  33/200 | Time:  8.16s | Loss: 0.3223 | BPR: 0.2722 | ILE: 0.0492 | L_H: 0.1587 L_M: 0.4569 L_T: 0.6146
2026-07-11 06:14:11 - train - INFO - Epoch  34/200 | Time:  8.13s | Loss: 0.3189 | BPR: 0.2693 | ILE: 0.0487 | L_H: 0.1570 L_M: 0.4520 L_T: 0.6104
2026-07-11 06:14:19 - train - INFO - Epoch  35/200 | Time:  8.08s | Loss: 0.3156 | BPR: 0.2673 | ILE: 0.0475 | L_H: 0.1562 L_M: 0.4484 L_T: 0.5961
2026-07-11 06:14:27 - train - INFO - Epoch  36/200 | Time:  8.18s | Loss: 0.3120 | BPR: 0.2645 | ILE: 0.0466 | L_H: 0.1547 L_M: 0.4435 L_T: 0.5839
2026-07-11 06:14:35 - train - INFO - Epoch  37/200 | Time:  8.01s | Loss: 0.3101 | BPR: 0.2622 | ILE: 0.0470 | L_H: 0.1546 L_M: 0.4374 L_T: 0.5896
2026-07-11 06:14:43 - train - INFO - Epoch  38/200 | Time:  8.08s | Loss: 0.3063 | BPR: 0.2596 | ILE: 0.0458 | L_H: 0.1527 L_M: 0.4338 L_T: 0.5752
2026-07-11 06:14:51 - train - INFO - Epoch  39/200 | Time:  8.25s | Loss: 0.3038 | BPR: 0.2577 | ILE: 0.0451 | L_H: 0.1519 L_M: 0.4304 L_T: 0.5679
2026-07-11 06:15:09 - train - INFO - Epoch  40/200 | Time:  8.42s | Loss: 0.3007 | BPR: 0.2555 | ILE: 0.0442 | Dist: 0.1769 | L_H: 0.1509 L_M: 0.4262 L_T: 0.5555 | nDCG: 0.2972 | UPD: 0.3304 | AD: 0.1874 | EE: 0.0169
2026-07-11 06:15:09 - train - INFO - Checkpoint saved: ./checkpoints/ile_std/checkpoint_epoch_40.pt
2026-07-11 06:15:09 - train - INFO - Checkpoint saved: ./checkpoints/ile_std/best_model.pt
2026-07-11 06:15:09 - train - INFO -   New best nDCG: 0.2972 (saved as best_model.pt)
2026-07-11 06:15:18 - train - INFO - Epoch  41/200 | Time:  8.32s | Loss: 0.2978 | BPR: 0.2526 | ILE: 0.0443 | L_H: 0.1498 L_M: 0.4202 L_T: 0.5552
2026-07-11 06:15:26 - train - INFO - Epoch  42/200 | Time:  8.15s | Loss: 0.2965 | BPR: 0.2512 | ILE: 0.0442 | L_H: 0.1487 L_M: 0.4185 L_T: 0.5521
2026-07-11 06:15:34 - train - INFO - Epoch  43/200 | Time:  8.30s | Loss: 0.2932 | BPR: 0.2489 | ILE: 0.0433 | L_H: 0.1474 L_M: 0.4146 L_T: 0.5431
2026-07-11 06:15:43 - train - INFO - Epoch  44/200 | Time:  8.30s | Loss: 0.2907 | BPR: 0.2466 | ILE: 0.0431 | L_H: 0.1468 L_M: 0.4094 L_T: 0.5401
2026-07-11 06:15:51 - train - INFO - Epoch  45/200 | Time:  8.26s | Loss: 0.2884 | BPR: 0.2452 | ILE: 0.0422 | L_H: 0.1459 L_M: 0.4071 L_T: 0.5294
2026-07-11 06:15:59 - train - INFO - Epoch  46/200 | Time:  8.31s | Loss: 0.2858 | BPR: 0.2435 | ILE: 0.0412 | L_H: 0.1457 L_M: 0.4036 L_T: 0.5194
2026-07-11 06:16:07 - train - INFO - Epoch  47/200 | Time:  8.02s | Loss: 0.2838 | BPR: 0.2414 | ILE: 0.0413 | L_H: 0.1446 L_M: 0.3995 L_T: 0.5210
2026-07-11 06:16:15 - train - INFO - Epoch  48/200 | Time:  8.25s | Loss: 0.2809 | BPR: 0.2397 | ILE: 0.0402 | L_H: 0.1440 L_M: 0.3962 L_T: 0.5052
2026-07-11 06:16:24 - train - INFO - Epoch  49/200 | Time:  8.44s | Loss: 0.2795 | BPR: 0.2383 | ILE: 0.0401 | L_H: 0.1431 L_M: 0.3937 L_T: 0.5062
2026-07-11 06:16:42 - train - INFO - Epoch  50/200 | Time:  8.35s | Loss: 0.2771 | BPR: 0.2368 | ILE: 0.0391 | Dist: 0.1564 | L_H: 0.1428 L_M: 0.3907 L_T: 0.4950 | nDCG: 0.3145 | UPD: 0.3239 | AD: 0.2254 | EE: 0.0219
2026-07-11 06:16:42 - train - INFO - Checkpoint saved: ./checkpoints/ile_std/checkpoint_epoch_50.pt
2026-07-11 06:16:42 - train - INFO - Checkpoint saved: ./checkpoints/ile_std/best_model.pt
2026-07-11 06:16:42 - train - INFO -   New best nDCG: 0.3145 (saved as best_model.pt)
2026-07-11 06:16:50 - train - INFO - Epoch  51/200 | Time:  8.33s | Loss: 0.2741 | BPR: 0.2344 | ILE: 0.0386 | L_H: 0.1414 L_M: 0.3869 L_T: 0.4864
2026-07-11 06:16:58 - train - INFO - Epoch  52/200 | Time:  8.07s | Loss: 0.2733 | BPR: 0.2331 | ILE: 0.0390 | L_H: 0.1406 L_M: 0.3846 L_T: 0.4892
2026-07-11 06:17:07 - train - INFO - Epoch  53/200 | Time:  8.27s | Loss: 0.2713 | BPR: 0.2315 | ILE: 0.0386 | L_H: 0.1398 L_M: 0.3816 L_T: 0.4847
2026-07-11 06:17:15 - train - INFO - Epoch  54/200 | Time:  8.56s | Loss: 0.2699 | BPR: 0.2299 | ILE: 0.0389 | L_H: 0.1393 L_M: 0.3779 L_T: 0.4873
2026-07-11 06:17:24 - train - INFO - Epoch  55/200 | Time:  8.41s | Loss: 0.2663 | BPR: 0.2281 | ILE: 0.0370 | L_H: 0.1384 L_M: 0.3755 L_T: 0.4645
2026-07-11 06:17:32 - train - INFO - Epoch  56/200 | Time:  8.40s | Loss: 0.2656 | BPR: 0.2268 | ILE: 0.0375 | L_H: 0.1375 L_M: 0.3733 L_T: 0.4716
2026-07-11 06:17:40 - train - INFO - Epoch  57/200 | Time:  8.05s | Loss: 0.2644 | BPR: 0.2261 | ILE: 0.0371 | L_H: 0.1375 L_M: 0.3714 L_T: 0.4652
2026-07-11 06:17:48 - train - INFO - Epoch  58/200 | Time:  8.33s | Loss: 0.2624 | BPR: 0.2244 | ILE: 0.0368 | L_H: 0.1373 L_M: 0.3673 L_T: 0.4590
2026-07-11 06:17:57 - train - INFO - Epoch  59/200 | Time:  8.25s | Loss: 0.2614 | BPR: 0.2227 | ILE: 0.0374 | L_H: 0.1359 L_M: 0.3647 L_T: 0.4688
2026-07-11 06:18:15 - train - INFO - Epoch  60/200 | Time:  8.29s | Loss: 0.2585 | BPR: 0.2217 | ILE: 0.0355 | Dist: 0.1421 | L_H: 0.1354 L_M: 0.3633 L_T: 0.4481 | nDCG: 0.3269 | UPD: 0.3170 | AD: 0.2591 | EE: 0.0272
2026-07-11 06:18:15 - train - INFO - Checkpoint saved: ./checkpoints/ile_std/checkpoint_epoch_60.pt
2026-07-11 06:18:15 - train - INFO - Checkpoint saved: ./checkpoints/ile_std/best_model.pt
2026-07-11 06:18:15 - train - INFO -   New best nDCG: 0.3269 (saved as best_model.pt)
2026-07-11 06:18:23 - train - INFO - Epoch  61/200 | Time:  8.28s | Loss: 0.2576 | BPR: 0.2205 | ILE: 0.0358 | L_H: 0.1351 L_M: 0.3607 L_T: 0.4488
2026-07-11 06:18:31 - train - INFO - Epoch  62/200 | Time:  8.13s | Loss: 0.2554 | BPR: 0.2195 | ILE: 0.0347 | L_H: 0.1347 L_M: 0.3588 L_T: 0.4374
2026-07-11 06:18:39 - train - INFO - Epoch  63/200 | Time:  8.29s | Loss: 0.2533 | BPR: 0.2175 | ILE: 0.0345 | L_H: 0.1334 L_M: 0.3555 L_T: 0.4339
2026-07-11 06:18:48 - train - INFO - Epoch  64/200 | Time:  8.17s | Loss: 0.2515 | BPR: 0.2161 | ILE: 0.0340 | L_H: 0.1330 L_M: 0.3530 L_T: 0.4235
2026-07-11 06:18:56 - train - INFO - Epoch  65/200 | Time:  8.18s | Loss: 0.2503 | BPR: 0.2143 | ILE: 0.0346 | L_H: 0.1327 L_M: 0.3482 L_T: 0.4339
2026-07-11 06:19:04 - train - INFO - Epoch  66/200 | Time:  8.24s | Loss: 0.2490 | BPR: 0.2141 | ILE: 0.0335 | L_H: 0.1316 L_M: 0.3501 L_T: 0.4178
2026-07-11 06:19:12 - train - INFO - Epoch  67/200 | Time:  8.20s | Loss: 0.2467 | BPR: 0.2122 | ILE: 0.0331 | L_H: 0.1309 L_M: 0.3462 L_T: 0.4135
2026-07-11 06:19:21 - train - INFO - Epoch  68/200 | Time:  8.45s | Loss: 0.2458 | BPR: 0.2112 | ILE: 0.0332 | L_H: 0.1304 L_M: 0.3442 L_T: 0.4140
2026-07-11 06:19:29 - train - INFO - Epoch  69/200 | Time:  8.43s | Loss: 0.2451 | BPR: 0.2102 | ILE: 0.0334 | L_H: 0.1302 L_M: 0.3417 L_T: 0.4197
2026-07-11 06:19:47 - train - INFO - Epoch  70/200 | Time:  8.16s | Loss: 0.2420 | BPR: 0.2083 | ILE: 0.0322 | Dist: 0.1290 | L_H: 0.1293 L_M: 0.3385 L_T: 0.4036 | nDCG: 0.3394 | UPD: 0.3102 | AD: 0.2872 | EE: 0.0327
2026-07-11 06:19:47 - train - INFO - Checkpoint saved: ./checkpoints/ile_std/checkpoint_epoch_70.pt
2026-07-11 06:19:47 - train - INFO - Checkpoint saved: ./checkpoints/ile_std/best_model.pt
2026-07-11 06:19:47 - train - INFO -   New best nDCG: 0.3394 (saved as best_model.pt)
2026-07-11 06:19:55 - train - INFO - Epoch  71/200 | Time:  8.35s | Loss: 0.2406 | BPR: 0.2072 | ILE: 0.0320 | L_H: 0.1289 L_M: 0.3363 L_T: 0.4002
2026-07-11 06:20:04 - train - INFO - Epoch  72/200 | Time:  8.37s | Loss: 0.2395 | BPR: 0.2065 | ILE: 0.0316 | L_H: 0.1288 L_M: 0.3345 L_T: 0.3953
2026-07-11 06:20:12 - train - INFO - Epoch  73/200 | Time:  8.08s | Loss: 0.2378 | BPR: 0.2047 | ILE: 0.0316 | L_H: 0.1277 L_M: 0.3316 L_T: 0.3944
2026-07-11 06:20:20 - train - INFO - Epoch  74/200 | Time:  8.37s | Loss: 0.2369 | BPR: 0.2043 | ILE: 0.0311 | L_H: 0.1275 L_M: 0.3308 L_T: 0.3911
2026-07-11 06:20:28 - train - INFO - Epoch  75/200 | Time:  8.38s | Loss: 0.2361 | BPR: 0.2039 | ILE: 0.0307 | L_H: 0.1274 L_M: 0.3301 L_T: 0.3835
2026-07-11 06:20:37 - train - INFO - Epoch  76/200 | Time:  8.31s | Loss: 0.2346 | BPR: 0.2021 | ILE: 0.0311 | L_H: 0.1260 L_M: 0.3276 L_T: 0.3870
2026-07-11 06:20:45 - train - INFO - Epoch  77/200 | Time:  8.23s | Loss: 0.2317 | BPR: 0.2007 | ILE: 0.0295 | L_H: 0.1255 L_M: 0.3252 L_T: 0.3669
2026-07-11 06:20:53 - train - INFO - Epoch  78/200 | Time:  8.14s | Loss: 0.2316 | BPR: 0.1997 | ILE: 0.0304 | L_H: 0.1254 L_M: 0.3223 L_T: 0.3790
2026-07-11 06:21:01 - train - INFO - Epoch  79/200 | Time:  8.37s | Loss: 0.2306 | BPR: 0.1985 | ILE: 0.0306 | L_H: 0.1243 L_M: 0.3212 L_T: 0.3729
2026-07-11 06:21:19 - train - INFO - Epoch  80/200 | Time:  8.38s | Loss: 0.2290 | BPR: 0.1981 | ILE: 0.0294 | Dist: 0.1175 | L_H: 0.1240 L_M: 0.3206 L_T: 0.3659 | nDCG: 0.3505 | UPD: 0.3044 | AD: 0.3115 | EE: 0.0376
2026-07-11 06:21:19 - train - INFO - Checkpoint saved: ./checkpoints/ile_std/checkpoint_epoch_80.pt
2026-07-11 06:21:20 - train - INFO - Checkpoint saved: ./checkpoints/ile_std/best_model.pt
2026-07-11 06:21:20 - train - INFO -   New best nDCG: 0.3505 (saved as best_model.pt)
2026-07-11 06:21:28 - train - INFO - Epoch  81/200 | Time:  8.43s | Loss: 0.2286 | BPR: 0.1970 | ILE: 0.0300 | L_H: 0.1235 L_M: 0.3183 L_T: 0.3732
2026-07-11 06:21:36 - train - INFO - Epoch  82/200 | Time:  8.43s | Loss: 0.2276 | BPR: 0.1961 | ILE: 0.0299 | L_H: 0.1231 L_M: 0.3168 L_T: 0.3704
2026-07-11 06:21:44 - train - INFO - Epoch  83/200 | Time:  8.03s | Loss: 0.2260 | BPR: 0.1948 | ILE: 0.0296 | L_H: 0.1226 L_M: 0.3140 L_T: 0.3658
2026-07-11 06:21:53 - train - INFO - Epoch  84/200 | Time:  8.39s | Loss: 0.2240 | BPR: 0.1939 | ILE: 0.0285 | L_H: 0.1220 L_M: 0.3131 L_T: 0.3508
2026-07-11 06:22:01 - train - INFO - Epoch  85/200 | Time:  8.29s | Loss: 0.2223 | BPR: 0.1930 | ILE: 0.0277 | L_H: 0.1222 L_M: 0.3105 L_T: 0.3396
2026-07-11 06:26:08 - train - INFO - ============================================================
2026-07-11 06:26:08 - train - INFO - ILE-BPR Training Started
2026-07-11 06:26:08 - train - INFO - ============================================================
2026-07-11 06:26:08 - train - INFO - Configuration: {'seed': 42, 'deterministic': True, 'dataset': {'name': 'movielens-1m', 'data_dir': './data', 'train_ratio': 0.8, 'min_interactions': 5}, 'model': {'name': 'ile_bpr', 'embedding_dim': 128, 'init_std': 0.01}, 'loss': {'name': 'ile', 'distance': 'std', 'lambda_ile': 0.25, 'eps': 1e-08, 'reg_weight': '0.0001,'}, 'training': {'epochs': 200, 'batch_size': 1024, 'learning_rate': 0.0001, 'optimizer': 'adam', 'weight_decay': 0.0, 'num_negatives': 1, 'eval_freq': 10, 'save_freq': 10, 'early_stopping': {'enabled': True, 'patience': 20, 'metric': 'nDCG', 'mode': 'max', 'min_delta': 0.0}}, 'evaluation': {'top_k': 10, 'metrics': ['nDCG', 'UPD', 'AD', 'EE']}, 'logging': {'log_dir': './logs', 'checkpoint_dir': './checkpoints/ile_std', 'use_tensorboard': True, 'log_interval': 100}, 'device': 'auto', 'distributed': False}
2026-07-11 06:26:08 - train - INFO - Early stopping: ENABLED
2026-07-11 06:26:08 - train - INFO -   Patience: 20
2026-07-11 06:26:08 - train - INFO -   Metric: nDCG
2026-07-11 06:26:08 - train - INFO -   Mode: max
2026-07-11 06:26:08 - train - INFO - Loading dataset: movielens-1m
2026-07-11 06:26:08 - train - INFO - Loading preprocessed dataset from ./data/movielens_1m_processed.pkl
2026-07-11 06:26:08 - train - INFO - Dataset loaded: 6040 users, 3416 items
2026-07-11 06:26:08 - train - INFO - Train: 797,275, Test: 202,336
2026-07-11 06:26:08 - train - INFO - Model: ILEBPRModel
2026-07-11 06:26:08 - train - INFO - Parameters: 1,210,368
2026-07-11 06:26:08 - train - INFO - Embedding dim: 128
2026-07-11 06:26:53 - train - INFO - ============================================================
2026-07-11 06:26:53 - train - INFO - ILE-BPR Training Started
2026-07-11 06:26:53 - train - INFO - ============================================================
2026-07-11 06:26:53 - train - INFO - Configuration: {'seed': 42, 'deterministic': True, 'dataset': {'name': 'movielens-1m', 'data_dir': './data', 'train_ratio': 0.8, 'min_interactions': 5}, 'model': {'name': 'ile_bpr', 'embedding_dim': 128, 'init_std': 0.01}, 'loss': {'name': 'ile', 'distance': 'std', 'lambda_ile': 0.25, 'eps': 1e-08, 'reg_weight': '1.0e-4,'}, 'training': {'epochs': 200, 'batch_size': 1024, 'learning_rate': 0.0001, 'optimizer': 'adam', 'weight_decay': 0.0, 'num_negatives': 1, 'eval_freq': 10, 'save_freq': 10, 'early_stopping': {'enabled': True, 'patience': 20, 'metric': 'nDCG', 'mode': 'max', 'min_delta': 0.0}}, 'evaluation': {'top_k': 10, 'metrics': ['nDCG', 'UPD', 'AD', 'EE']}, 'logging': {'log_dir': './logs', 'checkpoint_dir': './checkpoints/ile_std', 'use_tensorboard': True, 'log_interval': 100}, 'device': 'auto', 'distributed': False}
2026-07-11 06:26:53 - train - INFO - Early stopping: ENABLED
2026-07-11 06:26:53 - train - INFO -   Patience: 20
2026-07-11 06:26:53 - train - INFO -   Metric: nDCG
2026-07-11 06:26:53 - train - INFO -   Mode: max
2026-07-11 06:26:53 - train - INFO - Loading dataset: movielens-1m
2026-07-11 06:26:53 - train - INFO - Loading preprocessed dataset from ./data/movielens_1m_processed.pkl
2026-07-11 06:26:54 - train - INFO - Dataset loaded: 6040 users, 3416 items
2026-07-11 06:26:54 - train - INFO - Train: 797,275, Test: 202,336
2026-07-11 06:26:54 - train - INFO - Model: ILEBPRModel
2026-07-11 06:26:54 - train - INFO - Parameters: 1,210,368
2026-07-11 06:26:54 - train - INFO - Embedding dim: 128
2026-07-11 06:27:25 - train - INFO - ============================================================
2026-07-11 06:27:25 - train - INFO - ILE-BPR Training Started
2026-07-11 06:27:25 - train - INFO - ============================================================
2026-07-11 06:27:25 - train - INFO - Configuration: {'seed': 42, 'deterministic': True, 'dataset': {'name': 'movielens-1m', 'data_dir': './data', 'train_ratio': 0.8, 'min_interactions': 5}, 'model': {'name': 'ile_bpr', 'embedding_dim': 128, 'init_std': 0.01}, 'loss': {'name': 'ile', 'distance': 'std', 'lambda_ile': 0.25, 'eps': 1e-08, 'reg_weight': 0.0001}, 'training': {'epochs': 200, 'batch_size': 1024, 'learning_rate': 0.0001, 'optimizer': 'adam', 'weight_decay': 0.0, 'num_negatives': 1, 'eval_freq': 10, 'save_freq': 10, 'early_stopping': {'enabled': True, 'patience': 20, 'metric': 'nDCG', 'mode': 'max', 'min_delta': 0.0}}, 'evaluation': {'top_k': 10, 'metrics': ['nDCG', 'UPD', 'AD', 'EE']}, 'logging': {'log_dir': './logs', 'checkpoint_dir': './checkpoints/ile_std', 'use_tensorboard': True, 'log_interval': 100}, 'device': 'auto', 'distributed': False}
2026-07-11 06:27:25 - train - INFO - Early stopping: ENABLED
2026-07-11 06:27:25 - train - INFO -   Patience: 20
2026-07-11 06:27:25 - train - INFO -   Metric: nDCG
2026-07-11 06:27:25 - train - INFO -   Mode: max
2026-07-11 06:27:25 - train - INFO - Loading dataset: movielens-1m
2026-07-11 06:27:25 - train - INFO - Loading preprocessed dataset from ./data/movielens_1m_processed.pkl
2026-07-11 06:27:25 - train - INFO - Dataset loaded: 6040 users, 3416 items
2026-07-11 06:27:25 - train - INFO - Train: 797,275, Test: 202,336
2026-07-11 06:27:25 - train - INFO - Model: ILEBPRModel
2026-07-11 06:27:25 - train - INFO - Parameters: 1,210,368
2026-07-11 06:27:25 - train - INFO - Embedding dim: 128
2026-07-11 06:27:26 - train - INFO - Starting training...
2026-07-11 06:27:26 - train - INFO - Starting training for 200 epochs
2026-07-11 06:27:26 - train - INFO - Model: ILEBPRModel
2026-07-11 06:27:26 - train - INFO - Dataset: movielens-1m
2026-07-11 06:27:26 - train - INFO - Users: 6040, Items: 3416
2026-07-11 06:27:26 - train - INFO - Train interactions: 797,275
2026-07-11 06:27:26 - train - INFO - Use ILE: True
2026-07-11 06:27:26 - train - INFO - Distance: std, λ: 0.25
2026-07-11 06:27:26 - train - INFO - Batches per epoch: 779
2026-07-11 06:27:45 - train - INFO - Epoch   1/200 | Time:  8.68s | Loss: 0.6931 | BPR: 0.6930 | ILE: 0.0000 | Dist: 0.0002 | L_H: 0.6929 L_M: 0.6931 L_T: 0.6932 | nDCG: 0.1102 | UPD: 0.2685 | AD: 0.9447 | EE: 0.2323
2026-07-11 06:27:45 - train - INFO - Checkpoint saved: ./checkpoints/ile_std/best_model.pt
2026-07-11 06:27:45 - train - INFO -   New best nDCG: 0.1102 (saved as best_model.pt)
2026-07-11 06:27:53 - train - INFO - Epoch   2/200 | Time:  7.89s | Loss: 0.6812 | BPR: 0.6787 | ILE: 0.0025 | L_H: 0.6719 L_M: 0.6900 L_T: 0.6950
2026-07-11 06:28:01 - train - INFO - Epoch   3/200 | Time:  8.08s | Loss: 0.6007 | BPR: 0.5806 | ILE: 0.0200 | L_H: 0.5262 L_M: 0.6702 L_T: 0.7120
2026-07-11 06:28:09 - train - INFO - Epoch   4/200 | Time:  8.08s | Loss: 0.5173 | BPR: 0.4767 | ILE: 0.0404 | L_H: 0.3698 L_M: 0.6529 L_T: 0.7470
2026-07-11 06:28:17 - train - INFO - Epoch   5/200 | Time:  8.13s | Loss: 0.4787 | BPR: 0.4269 | ILE: 0.0515 | L_H: 0.2929 L_M: 0.6471 L_T: 0.7747
2026-07-11 06:28:25 - train - INFO - Epoch   6/200 | Time:  8.16s | Loss: 0.4626 | BPR: 0.4038 | ILE: 0.0585 | L_H: 0.2562 L_M: 0.6457 L_T: 0.8071
2026-07-11 06:28:33 - train - INFO - Epoch   7/200 | Time:  7.96s | Loss: 0.4498 | BPR: 0.3890 | ILE: 0.0604 | L_H: 0.2359 L_M: 0.6402 L_T: 0.8029
2026-07-11 06:28:41 - train - INFO - Epoch   8/200 | Time:  8.10s | Loss: 0.4410 | BPR: 0.3784 | ILE: 0.0622 | L_H: 0.2224 L_M: 0.6338 L_T: 0.8073
2026-07-11 06:28:49 - train - INFO - Epoch   9/200 | Time:  8.10s | Loss: 0.4345 | BPR: 0.3712 | ILE: 0.0628 | L_H: 0.2130 L_M: 0.6303 L_T: 0.8024
2026-07-11 06:29:07 - train - INFO - Epoch  10/200 | Time:  8.00s | Loss: 0.4284 | BPR: 0.3636 | ILE: 0.0643 | Dist: 0.2572 | L_H: 0.2065 L_M: 0.6204 L_T: 0.8133 | nDCG: 0.2191 | UPD: 0.3399 | AD: 0.0697 | EE: 0.0053
2026-07-11 06:29:07 - train - INFO - Checkpoint saved: ./checkpoints/ile_std/checkpoint_epoch_10.pt
2026-07-11 06:29:07 - train - INFO - Checkpoint saved: ./checkpoints/ile_std/best_model.pt
2026-07-11 06:29:07 - train - INFO -   New best nDCG: 0.2191 (saved as best_model.pt)
2026-07-11 06:29:15 - train - INFO - Epoch  11/200 | Time:  8.16s | Loss: 0.4230 | BPR: 0.3578 | ILE: 0.0647 | L_H: 0.2011 L_M: 0.6136 L_T: 0.8132
2026-07-11 06:29:23 - train - INFO - Epoch  12/200 | Time:  7.87s | Loss: 0.4173 | BPR: 0.3520 | ILE: 0.0648 | L_H: 0.1970 L_M: 0.6048 L_T: 0.8108
2026-07-11 06:29:31 - train - INFO - Epoch  13/200 | Time:  8.09s | Loss: 0.4107 | BPR: 0.3466 | ILE: 0.0636 | L_H: 0.1937 L_M: 0.5959 L_T: 0.7964
2026-07-11 06:29:39 - train - INFO - Epoch  14/200 | Time:  8.09s | Loss: 0.4050 | BPR: 0.3412 | ILE: 0.0632 | L_H: 0.1902 L_M: 0.5876 L_T: 0.7889
2026-07-11 06:29:48 - train - INFO - Epoch  15/200 | Time:  8.15s | Loss: 0.3998 | BPR: 0.3359 | ILE: 0.0633 | L_H: 0.1868 L_M: 0.5788 L_T: 0.7879
2026-07-11 06:29:56 - train - INFO - Epoch  16/200 | Time:  8.32s | Loss: 0.3942 | BPR: 0.3313 | ILE: 0.0622 | L_H: 0.1850 L_M: 0.5694 L_T: 0.7740
2026-07-11 06:30:04 - train - INFO - Epoch  17/200 | Time:  8.06s | Loss: 0.3891 | BPR: 0.3273 | ILE: 0.0612 | L_H: 0.1832 L_M: 0.5617 L_T: 0.7622
2026-07-11 06:30:12 - train - INFO - Epoch  18/200 | Time:  8.27s | Loss: 0.3840 | BPR: 0.3226 | ILE: 0.0608 | L_H: 0.1805 L_M: 0.5539 L_T: 0.7559
2026-07-11 06:30:20 - train - INFO - Epoch  19/200 | Time:  8.28s | Loss: 0.3789 | BPR: 0.3185 | ILE: 0.0598 | L_H: 0.1790 L_M: 0.5455 L_T: 0.7462
2026-07-11 06:30:39 - train - INFO - Epoch  20/200 | Time:  8.25s | Loss: 0.3719 | BPR: 0.3133 | ILE: 0.0579 | Dist: 0.2315 | L_H: 0.1764 L_M: 0.5364 L_T: 0.7216 | nDCG: 0.2518 | UPD: 0.3385 | AD: 0.1028 | EE: 0.0078
2026-07-11 06:30:39 - train - INFO - Checkpoint saved: ./checkpoints/ile_std/checkpoint_epoch_20.pt
2026-07-11 06:30:39 - train - INFO - Checkpoint saved: ./checkpoints/ile_std/best_model.pt
2026-07-11 06:30:39 - train - INFO -   New best nDCG: 0.2518 (saved as best_model.pt)
2026-07-11 06:30:47 - train - INFO - Epoch  21/200 | Time:  8.26s | Loss: 0.3680 | BPR: 0.3094 | ILE: 0.0579 | L_H: 0.1744 L_M: 0.5293 L_T: 0.7200
2026-07-11 06:30:55 - train - INFO - Epoch  22/200 | Time:  8.11s | Loss: 0.3637 | BPR: 0.3056 | ILE: 0.0573 | L_H: 0.1732 L_M: 0.5212 L_T: 0.7154
2026-07-11 06:31:03 - train - INFO - Epoch  23/200 | Time:  8.33s | Loss: 0.3605 | BPR: 0.3030 | ILE: 0.0569 | L_H: 0.1717 L_M: 0.5165 L_T: 0.7085
2026-07-11 06:31:11 - train - INFO - Epoch  24/200 | Time:  8.21s | Loss: 0.3548 | BPR: 0.2988 | ILE: 0.0553 | L_H: 0.1697 L_M: 0.5090 L_T: 0.6895
2026-07-11 06:31:20 - train - INFO - Epoch  25/200 | Time:  8.20s | Loss: 0.3514 | BPR: 0.2955 | ILE: 0.0552 | L_H: 0.1683 L_M: 0.5022 L_T: 0.6896
2026-07-11 06:31:28 - train - INFO - Epoch  26/200 | Time:  8.12s | Loss: 0.3471 | BPR: 0.2923 | ILE: 0.0540 | L_H: 0.1670 L_M: 0.4963 L_T: 0.6754
2026-07-11 06:31:36 - train - INFO - Epoch  27/200 | Time:  7.95s | Loss: 0.3434 | BPR: 0.2896 | ILE: 0.0531 | L_H: 0.1660 L_M: 0.4908 L_T: 0.6636
2026-07-11 06:31:44 - train - INFO - Epoch  28/200 | Time:  8.14s | Loss: 0.3395 | BPR: 0.2859 | ILE: 0.0528 | L_H: 0.1648 L_M: 0.4831 L_T: 0.6603
2026-07-11 06:31:52 - train - INFO - Epoch  29/200 | Time:  8.17s | Loss: 0.3352 | BPR: 0.2828 | ILE: 0.0516 | L_H: 0.1630 L_M: 0.4779 L_T: 0.6446
2026-07-11 06:32:10 - train - INFO - Epoch  30/200 | Time:  8.21s | Loss: 0.3322 | BPR: 0.2800 | ILE: 0.0514 | Dist: 0.2055 | L_H: 0.1622 L_M: 0.4716 L_T: 0.6432 | nDCG: 0.2774 | UPD: 0.3351 | AD: 0.1437 | EE: 0.0119
2026-07-11 06:32:10 - train - INFO - Checkpoint saved: ./checkpoints/ile_std/checkpoint_epoch_30.pt
2026-07-11 06:32:10 - train - INFO - Checkpoint saved: ./checkpoints/ile_std/best_model.pt
2026-07-11 06:32:10 - train - INFO -   New best nDCG: 0.2774 (saved as best_model.pt)
2026-07-11 06:32:18 - train - INFO - Epoch  31/200 | Time:  8.20s | Loss: 0.3293 | BPR: 0.2777 | ILE: 0.0507 | L_H: 0.1612 L_M: 0.4674 L_T: 0.6359
2026-07-11 06:32:26 - train - INFO - Epoch  32/200 | Time:  8.00s | Loss: 0.3259 | BPR: 0.2745 | ILE: 0.0505 | L_H: 0.1596 L_M: 0.4614 L_T: 0.6327
2026-07-11 06:32:34 - train - INFO - Epoch  33/200 | Time:  8.16s | Loss: 0.3223 | BPR: 0.2722 | ILE: 0.0492 | L_H: 0.1587 L_M: 0.4569 L_T: 0.6146
2026-07-11 06:32:43 - train - INFO - Epoch  34/200 | Time:  8.29s | Loss: 0.3189 | BPR: 0.2693 | ILE: 0.0487 | L_H: 0.1570 L_M: 0.4520 L_T: 0.6104
2026-07-11 06:32:51 - train - INFO - Epoch  35/200 | Time:  8.22s | Loss: 0.3156 | BPR: 0.2673 | ILE: 0.0475 | L_H: 0.1562 L_M: 0.4484 L_T: 0.5961
2026-07-11 06:32:59 - train - INFO - Epoch  36/200 | Time:  8.16s | Loss: 0.3120 | BPR: 0.2645 | ILE: 0.0466 | L_H: 0.1547 L_M: 0.4435 L_T: 0.5839
2026-07-11 06:33:07 - train - INFO - Epoch  37/200 | Time:  7.96s | Loss: 0.3101 | BPR: 0.2622 | ILE: 0.0470 | L_H: 0.1546 L_M: 0.4374 L_T: 0.5896
2026-07-11 06:33:15 - train - INFO - Epoch  38/200 | Time:  8.12s | Loss: 0.3063 | BPR: 0.2596 | ILE: 0.0458 | L_H: 0.1527 L_M: 0.4338 L_T: 0.5752
2026-07-11 06:33:23 - train - INFO - Epoch  39/200 | Time:  8.06s | Loss: 0.3038 | BPR: 0.2577 | ILE: 0.0451 | L_H: 0.1519 L_M: 0.4304 L_T: 0.5679
2026-07-11 06:33:41 - train - INFO - Epoch  40/200 | Time:  8.16s | Loss: 0.3007 | BPR: 0.2555 | ILE: 0.0442 | Dist: 0.1769 | L_H: 0.1509 L_M: 0.4262 L_T: 0.5555 | nDCG: 0.2972 | UPD: 0.3304 | AD: 0.1874 | EE: 0.0169
2026-07-11 06:33:41 - train - INFO - Checkpoint saved: ./checkpoints/ile_std/checkpoint_epoch_40.pt
2026-07-11 06:33:41 - train - INFO - Checkpoint saved: ./checkpoints/ile_std/best_model.pt
2026-07-11 06:33:41 - train - INFO -   New best nDCG: 0.2972 (saved as best_model.pt)
2026-07-11 06:33:49 - train - INFO - Epoch  41/200 | Time:  8.07s | Loss: 0.2978 | BPR: 0.2526 | ILE: 0.0443 | L_H: 0.1498 L_M: 0.4202 L_T: 0.5552
2026-07-11 06:33:57 - train - INFO - Epoch  42/200 | Time:  7.88s | Loss: 0.2965 | BPR: 0.2512 | ILE: 0.0442 | L_H: 0.1487 L_M: 0.4185 L_T: 0.5521
2026-07-11 06:34:05 - train - INFO - Epoch  43/200 | Time:  8.20s | Loss: 0.2932 | BPR: 0.2489 | ILE: 0.0433 | L_H: 0.1474 L_M: 0.4146 L_T: 0.5431
2026-07-11 06:34:13 - train - INFO - Epoch  44/200 | Time:  8.19s | Loss: 0.2907 | BPR: 0.2466 | ILE: 0.0431 | L_H: 0.1468 L_M: 0.4094 L_T: 0.5401
2026-07-11 06:34:22 - train - INFO - Epoch  45/200 | Time:  8.16s | Loss: 0.2884 | BPR: 0.2452 | ILE: 0.0422 | L_H: 0.1459 L_M: 0.4071 L_T: 0.5294
2026-07-11 06:34:30 - train - INFO - Epoch  46/200 | Time:  8.17s | Loss: 0.2858 | BPR: 0.2435 | ILE: 0.0412 | L_H: 0.1457 L_M: 0.4036 L_T: 0.5194
2026-07-11 06:34:38 - train - INFO - Epoch  47/200 | Time:  7.94s | Loss: 0.2838 | BPR: 0.2414 | ILE: 0.0413 | L_H: 0.1446 L_M: 0.3995 L_T: 0.5210
2026-07-11 06:34:46 - train - INFO - Epoch  48/200 | Time:  8.17s | Loss: 0.2809 | BPR: 0.2397 | ILE: 0.0402 | L_H: 0.1440 L_M: 0.3962 L_T: 0.5052
2026-07-11 06:34:54 - train - INFO - Epoch  49/200 | Time:  8.12s | Loss: 0.2795 | BPR: 0.2383 | ILE: 0.0401 | L_H: 0.1431 L_M: 0.3937 L_T: 0.5062
2026-07-11 06:35:12 - train - INFO - Epoch  50/200 | Time:  8.15s | Loss: 0.2771 | BPR: 0.2368 | ILE: 0.0391 | Dist: 0.1564 | L_H: 0.1428 L_M: 0.3907 L_T: 0.4950 | nDCG: 0.3145 | UPD: 0.3239 | AD: 0.2254 | EE: 0.0219
2026-07-11 06:35:12 - train - INFO - Checkpoint saved: ./checkpoints/ile_std/checkpoint_epoch_50.pt
2026-07-11 06:35:12 - train - INFO - Checkpoint saved: ./checkpoints/ile_std/best_model.pt
2026-07-11 06:35:12 - train - INFO -   New best nDCG: 0.3145 (saved as best_model.pt)
2026-07-11 06:35:20 - train - INFO - Epoch  51/200 | Time:  8.12s | Loss: 0.2741 | BPR: 0.2344 | ILE: 0.0386 | L_H: 0.1414 L_M: 0.3869 L_T: 0.4864
2026-07-11 06:35:28 - train - INFO - Epoch  52/200 | Time:  7.82s | Loss: 0.2733 | BPR: 0.2331 | ILE: 0.0390 | L_H: 0.1406 L_M: 0.3846 L_T: 0.4892
2026-07-11 06:35:36 - train - INFO - Epoch  53/200 | Time:  8.11s | Loss: 0.2713 | BPR: 0.2315 | ILE: 0.0386 | L_H: 0.1398 L_M: 0.3816 L_T: 0.4847
2026-07-11 06:35:44 - train - INFO - Epoch  54/200 | Time:  8.08s | Loss: 0.2699 | BPR: 0.2299 | ILE: 0.0389 | L_H: 0.1393 L_M: 0.3779 L_T: 0.4873
2026-07-11 06:35:52 - train - INFO - Epoch  55/200 | Time:  8.12s | Loss: 0.2663 | BPR: 0.2281 | ILE: 0.0370 | L_H: 0.1384 L_M: 0.3755 L_T: 0.4645
2026-07-11 06:36:00 - train - INFO - Epoch  56/200 | Time:  8.15s | Loss: 0.2656 | BPR: 0.2268 | ILE: 0.0375 | L_H: 0.1375 L_M: 0.3733 L_T: 0.4716
2026-07-11 06:36:08 - train - INFO - Epoch  57/200 | Time:  7.85s | Loss: 0.2644 | BPR: 0.2261 | ILE: 0.0371 | L_H: 0.1375 L_M: 0.3714 L_T: 0.4652
2026-07-11 06:36:16 - train - INFO - Epoch  58/200 | Time:  8.08s | Loss: 0.2624 | BPR: 0.2244 | ILE: 0.0368 | L_H: 0.1373 L_M: 0.3673 L_T: 0.4590
2026-07-11 06:36:24 - train - INFO - Epoch  59/200 | Time:  8.18s | Loss: 0.2614 | BPR: 0.2227 | ILE: 0.0374 | L_H: 0.1359 L_M: 0.3647 L_T: 0.4688
2026-07-11 06:36:42 - train - INFO - Epoch  60/200 | Time:  8.15s | Loss: 0.2585 | BPR: 0.2217 | ILE: 0.0355 | Dist: 0.1421 | L_H: 0.1354 L_M: 0.3633 L_T: 0.4481 | nDCG: 0.3269 | UPD: 0.3170 | AD: 0.2591 | EE: 0.0272
2026-07-11 06:36:42 - train - INFO - Checkpoint saved: ./checkpoints/ile_std/checkpoint_epoch_60.pt
2026-07-11 06:36:42 - train - INFO - Checkpoint saved: ./checkpoints/ile_std/best_model.pt
2026-07-11 06:36:42 - train - INFO -   New best nDCG: 0.3269 (saved as best_model.pt)
2026-07-11 06:36:50 - train - INFO - Epoch  61/200 | Time:  8.12s | Loss: 0.2576 | BPR: 0.2205 | ILE: 0.0358 | L_H: 0.1351 L_M: 0.3607 L_T: 0.4488
2026-07-11 06:36:58 - train - INFO - Epoch  62/200 | Time:  7.91s | Loss: 0.2554 | BPR: 0.2195 | ILE: 0.0347 | L_H: 0.1347 L_M: 0.3588 L_T: 0.4374
2026-07-11 06:37:07 - train - INFO - Epoch  63/200 | Time:  8.15s | Loss: 0.2533 | BPR: 0.2175 | ILE: 0.0345 | L_H: 0.1334 L_M: 0.3555 L_T: 0.4339
2026-07-11 06:37:15 - train - INFO - Epoch  64/200 | Time:  8.21s | Loss: 0.2515 | BPR: 0.2161 | ILE: 0.0340 | L_H: 0.1330 L_M: 0.3530 L_T: 0.4235
2026-07-11 06:37:23 - train - INFO - Epoch  65/200 | Time:  8.15s | Loss: 0.2503 | BPR: 0.2143 | ILE: 0.0346 | L_H: 0.1327 L_M: 0.3482 L_T: 0.4339
2026-07-11 06:37:31 - train - INFO - Epoch  66/200 | Time:  8.25s | Loss: 0.2490 | BPR: 0.2141 | ILE: 0.0335 | L_H: 0.1316 L_M: 0.3501 L_T: 0.4178
2026-07-11 06:37:39 - train - INFO - Epoch  67/200 | Time:  7.90s | Loss: 0.2467 | BPR: 0.2122 | ILE: 0.0331 | L_H: 0.1309 L_M: 0.3462 L_T: 0.4135
2026-07-11 06:37:47 - train - INFO - Epoch  68/200 | Time:  8.10s | Loss: 0.2458 | BPR: 0.2112 | ILE: 0.0332 | L_H: 0.1304 L_M: 0.3442 L_T: 0.4140
2026-07-11 06:37:55 - train - INFO - Epoch  69/200 | Time:  8.25s | Loss: 0.2451 | BPR: 0.2102 | ILE: 0.0334 | L_H: 0.1302 L_M: 0.3417 L_T: 0.4197
2026-07-11 06:38:13 - train - INFO - Epoch  70/200 | Time:  8.31s | Loss: 0.2420 | BPR: 0.2083 | ILE: 0.0322 | Dist: 0.1290 | L_H: 0.1293 L_M: 0.3385 L_T: 0.4036 | nDCG: 0.3394 | UPD: 0.3102 | AD: 0.2872 | EE: 0.0327
2026-07-11 06:38:13 - train - INFO - Checkpoint saved: ./checkpoints/ile_std/checkpoint_epoch_70.pt
2026-07-11 06:38:13 - train - INFO - Checkpoint saved: ./checkpoints/ile_std/best_model.pt
2026-07-11 06:38:13 - train - INFO -   New best nDCG: 0.3394 (saved as best_model.pt)
2026-07-11 06:38:22 - train - INFO - Epoch  71/200 | Time:  8.18s | Loss: 0.2406 | BPR: 0.2072 | ILE: 0.0320 | L_H: 0.1289 L_M: 0.3363 L_T: 0.4002
2026-07-11 06:38:30 - train - INFO - Epoch  72/200 | Time:  8.16s | Loss: 0.2395 | BPR: 0.2065 | ILE: 0.0316 | L_H: 0.1288 L_M: 0.3345 L_T: 0.3953
2026-07-11 06:38:38 - train - INFO - Epoch  73/200 | Time:  7.92s | Loss: 0.2378 | BPR: 0.2047 | ILE: 0.0316 | L_H: 0.1277 L_M: 0.3316 L_T: 0.3944
2026-07-11 06:38:46 - train - INFO - Epoch  74/200 | Time:  8.17s | Loss: 0.2369 | BPR: 0.2043 | ILE: 0.0311 | L_H: 0.1275 L_M: 0.3308 L_T: 0.3911
2026-07-11 06:38:54 - train - INFO - Epoch  75/200 | Time:  8.14s | Loss: 0.2361 | BPR: 0.2039 | ILE: 0.0307 | L_H: 0.1274 L_M: 0.3301 L_T: 0.3835
2026-07-11 06:39:02 - train - INFO - Epoch  76/200 | Time:  8.26s | Loss: 0.2346 | BPR: 0.2021 | ILE: 0.0311 | L_H: 0.1260 L_M: 0.3276 L_T: 0.3870
2026-07-11 06:39:10 - train - INFO - Epoch  77/200 | Time:  8.18s | Loss: 0.2317 | BPR: 0.2007 | ILE: 0.0295 | L_H: 0.1255 L_M: 0.3252 L_T: 0.3669
2026-07-11 06:39:18 - train - INFO - Epoch  78/200 | Time:  7.98s | Loss: 0.2316 | BPR: 0.1997 | ILE: 0.0304 | L_H: 0.1254 L_M: 0.3223 L_T: 0.3790
2026-07-11 06:39:27 - train - INFO - Epoch  79/200 | Time:  8.32s | Loss: 0.2306 | BPR: 0.1985 | ILE: 0.0306 | L_H: 0.1243 L_M: 0.3212 L_T: 0.3729
2026-07-11 06:39:45 - train - INFO - Epoch  80/200 | Time:  8.55s | Loss: 0.2290 | BPR: 0.1981 | ILE: 0.0294 | Dist: 0.1175 | L_H: 0.1240 L_M: 0.3206 L_T: 0.3659 | nDCG: 0.3505 | UPD: 0.3044 | AD: 0.3115 | EE: 0.0376
2026-07-11 06:39:45 - train - INFO - Checkpoint saved: ./checkpoints/ile_std/checkpoint_epoch_80.pt
2026-07-11 06:39:45 - train - INFO - Checkpoint saved: ./checkpoints/ile_std/best_model.pt
2026-07-11 06:39:45 - train - INFO -   New best nDCG: 0.3505 (saved as best_model.pt)
2026-07-11 06:39:54 - train - INFO - Epoch  81/200 | Time:  8.52s | Loss: 0.2286 | BPR: 0.1970 | ILE: 0.0300 | L_H: 0.1235 L_M: 0.3183 L_T: 0.3732
2026-07-11 06:40:02 - train - INFO - Epoch  82/200 | Time:  8.50s | Loss: 0.2276 | BPR: 0.1961 | ILE: 0.0299 | L_H: 0.1231 L_M: 0.3168 L_T: 0.3704
2026-07-11 06:40:11 - train - INFO - Epoch  83/200 | Time:  8.28s | Loss: 0.2260 | BPR: 0.1948 | ILE: 0.0296 | L_H: 0.1226 L_M: 0.3140 L_T: 0.3658
2026-07-11 06:40:19 - train - INFO - Epoch  84/200 | Time:  8.49s | Loss: 0.2240 | BPR: 0.1939 | ILE: 0.0285 | L_H: 0.1220 L_M: 0.3131 L_T: 0.3508
2026-07-11 06:40:28 - train - INFO - Epoch  85/200 | Time:  8.60s | Loss: 0.2223 | BPR: 0.1930 | ILE: 0.0277 | L_H: 0.1222 L_M: 0.3105 L_T: 0.3396
2026-07-11 06:40:36 - train - INFO - Epoch  86/200 | Time:  8.63s | Loss: 0.2226 | BPR: 0.1921 | ILE: 0.0289 | L_H: 0.1212 L_M: 0.3092 L_T: 0.3593
2026-07-11 06:40:45 - train - INFO - Epoch  87/200 | Time:  8.53s | Loss: 0.2201 | BPR: 0.1908 | ILE: 0.0277 | L_H: 0.1203 L_M: 0.3076 L_T: 0.3393
2026-07-11 06:40:53 - train - INFO - Epoch  88/200 | Time:  8.27s | Loss: 0.2185 | BPR: 0.1895 | ILE: 0.0273 | L_H: 0.1196 L_M: 0.3056 L_T: 0.3346
2026-07-11 06:41:02 - train - INFO - Epoch  89/200 | Time:  8.64s | Loss: 0.2183 | BPR: 0.1893 | ILE: 0.0274 | L_H: 0.1199 L_M: 0.3044 L_T: 0.3352
2026-07-11 06:41:20 - train - INFO - Epoch  90/200 | Time:  8.46s | Loss: 0.2176 | BPR: 0.1886 | ILE: 0.0273 | Dist: 0.1093 | L_H: 0.1194 L_M: 0.3032 L_T: 0.3391 | nDCG: 0.3595 | UPD: 0.2982 | AD: 0.3323 | EE: 0.0424
2026-07-11 06:41:20 - train - INFO - Checkpoint saved: ./checkpoints/ile_std/checkpoint_epoch_90.pt
2026-07-11 06:41:20 - train - INFO - Checkpoint saved: ./checkpoints/ile_std/best_model.pt
2026-07-11 06:41:20 - train - INFO -   New best nDCG: 0.3595 (saved as best_model.pt)
2026-07-11 06:41:28 - train - INFO - Epoch  91/200 | Time:  8.41s | Loss: 0.2163 | BPR: 0.1872 | ILE: 0.0274 | L_H: 0.1188 L_M: 0.3007 L_T: 0.3336
2026-07-11 06:41:37 - train - INFO - Epoch  92/200 | Time:  8.48s | Loss: 0.2156 | BPR: 0.1869 | ILE: 0.0270 | L_H: 0.1187 L_M: 0.2999 L_T: 0.3344
2026-07-11 06:41:45 - train - INFO - Epoch  93/200 | Time:  8.28s | Loss: 0.2139 | BPR: 0.1854 | ILE: 0.0268 | L_H: 0.1183 L_M: 0.2969 L_T: 0.3276
2026-07-11 06:41:54 - train - INFO - Epoch  94/200 | Time:  8.49s | Loss: 0.2132 | BPR: 0.1850 | ILE: 0.0264 | L_H: 0.1180 L_M: 0.2963 L_T: 0.3245
2026-07-11 06:42:02 - train - INFO - Epoch  95/200 | Time:  8.49s | Loss: 0.2111 | BPR: 0.1834 | ILE: 0.0260 | L_H: 0.1170 L_M: 0.2936 L_T: 0.3208
2026-07-11 06:42:11 - train - INFO - Epoch  96/200 | Time:  8.56s | Loss: 0.2103 | BPR: 0.1828 | ILE: 0.0258 | L_H: 0.1169 L_M: 0.2922 L_T: 0.3178
2026-07-11 06:42:19 - train - INFO - Epoch  97/200 | Time:  8.39s | Loss: 0.2085 | BPR: 0.1812 | ILE: 0.0255 | L_H: 0.1160 L_M: 0.2895 L_T: 0.3133
2026-07-11 06:42:27 - train - INFO - Epoch  98/200 | Time:  8.15s | Loss: 0.2079 | BPR: 0.1807 | ILE: 0.0254 | L_H: 0.1157 L_M: 0.2887 L_T: 0.3124
2026-07-11 06:42:36 - train - INFO - Epoch  99/200 | Time:  8.44s | Loss: 0.2072 | BPR: 0.1801 | ILE: 0.0253 | L_H: 0.1154 L_M: 0.2876 L_T: 0.3109
2026-07-11 06:42:54 - train - INFO - Epoch 100/200 | Time:  8.38s | Loss: 0.2068 | BPR: 0.1795 | ILE: 0.0255 | Dist: 0.1019 | L_H: 0.1146 L_M: 0.2874 L_T: 0.3113 | nDCG: 0.3659 | UPD: 0.2925 | AD: 0.3413 | EE: 0.0469
2026-07-11 06:42:54 - train - INFO - Checkpoint saved: ./checkpoints/ile_std/checkpoint_epoch_100.pt
2026-07-11 06:42:54 - train - INFO - Checkpoint saved: ./checkpoints/ile_std/best_model.pt
2026-07-11 06:42:54 - train - INFO -   New best nDCG: 0.3659 (saved as best_model.pt)
2026-07-11 06:43:02 - train - INFO - Epoch 101/200 | Time:  8.48s | Loss: 0.2053 | BPR: 0.1781 | ILE: 0.0253 | L_H: 0.1142 L_M: 0.2845 L_T: 0.3070
2026-07-11 06:43:10 - train - INFO - Epoch 102/200 | Time:  8.35s | Loss: 0.2042 | BPR: 0.1774 | ILE: 0.0250 | L_H: 0.1141 L_M: 0.2827 L_T: 0.3018
2026-07-11 06:43:19 - train - INFO - Epoch 103/200 | Time:  8.18s | Loss: 0.2038 | BPR: 0.1768 | ILE: 0.0252 | L_H: 0.1140 L_M: 0.2811 L_T: 0.3075
2026-07-11 06:43:27 - train - INFO - Epoch 104/200 | Time:  8.34s | Loss: 0.2021 | BPR: 0.1758 | ILE: 0.0245 | L_H: 0.1133 L_M: 0.2798 L_T: 0.2967
2026-07-11 06:43:36 - train - INFO - Epoch 105/200 | Time:  8.54s | Loss: 0.2013 | BPR: 0.1749 | ILE: 0.0245 | L_H: 0.1125 L_M: 0.2789 L_T: 0.2980
2026-07-11 06:43:44 - train - INFO - Epoch 106/200 | Time:  8.53s | Loss: 0.1993 | BPR: 0.1738 | ILE: 0.0236 | L_H: 0.1122 L_M: 0.2767 L_T: 0.2881
2026-07-11 06:43:52 - train - INFO - Epoch 107/200 | Time:  8.31s | Loss: 0.1992 | BPR: 0.1736 | ILE: 0.0237 | L_H: 0.1121 L_M: 0.2761 L_T: 0.2857
2026-07-11 06:44:01 - train - INFO - Epoch 108/200 | Time:  8.35s | Loss: 0.1975 | BPR: 0.1722 | ILE: 0.0234 | L_H: 0.1116 L_M: 0.2735 L_T: 0.2814
2026-07-11 06:44:09 - train - INFO - Epoch 109/200 | Time:  8.46s | Loss: 0.1970 | BPR: 0.1715 | ILE: 0.0236 | L_H: 0.1111 L_M: 0.2723 L_T: 0.2862
2026-07-11 06:44:27 - train - INFO - Epoch 110/200 | Time:  8.40s | Loss: 0.1959 | BPR: 0.1709 | ILE: 0.0230 | Dist: 0.0922 | L_H: 0.1108 L_M: 0.2714 L_T: 0.2791 | nDCG: 0.3733 | UPD: 0.2878 | AD: 0.3627 | EE: 0.0516
2026-07-11 06:44:27 - train - INFO - Checkpoint saved: ./checkpoints/ile_std/checkpoint_epoch_110.pt
2026-07-11 06:44:27 - train - INFO - Checkpoint saved: ./checkpoints/ile_std/best_model.pt
2026-07-11 06:44:27 - train - INFO -   New best nDCG: 0.3733 (saved as best_model.pt)
2026-07-11 06:44:36 - train - INFO - Epoch 111/200 | Time:  8.46s | Loss: 0.1949 | BPR: 0.1700 | ILE: 0.0229 | L_H: 0.1100 L_M: 0.2700 L_T: 0.2759
2026-07-11 06:44:44 - train - INFO - Epoch 112/200 | Time:  8.70s | Loss: 0.1947 | BPR: 0.1695 | ILE: 0.0232 | L_H: 0.1102 L_M: 0.2684 L_T: 0.2818
2026-07-11 06:44:53 - train - INFO - Epoch 113/200 | Time:  8.58s | Loss: 0.1928 | BPR: 0.1685 | ILE: 0.0223 | L_H: 0.1100 L_M: 0.2663 L_T: 0.2709
2026-07-11 06:45:01 - train - INFO - Epoch 114/200 | Time:  8.45s | Loss: 0.1925 | BPR: 0.1680 | ILE: 0.0225 | L_H: 0.1091 L_M: 0.2663 L_T: 0.2699
2026-07-11 06:45:10 - train - INFO - Epoch 115/200 | Time:  8.48s | Loss: 0.1915 | BPR: 0.1673 | ILE: 0.0222 | L_H: 0.1091 L_M: 0.2647 L_T: 0.2648
2026-07-11 06:45:18 - train - INFO - Epoch 116/200 | Time:  8.30s | Loss: 0.1905 | BPR: 0.1663 | ILE: 0.0222 | L_H: 0.1088 L_M: 0.2623 L_T: 0.2680
2026-07-11 06:45:27 - train - INFO - Epoch 117/200 | Time:  8.40s | Loss: 0.1892 | BPR: 0.1655 | ILE: 0.0216 | L_H: 0.1085 L_M: 0.2608 L_T: 0.2584
2026-07-11 06:45:35 - train - INFO - Epoch 118/200 | Time:  8.26s | Loss: 0.1894 | BPR: 0.1651 | ILE: 0.0223 | L_H: 0.1083 L_M: 0.2599 L_T: 0.2676
2026-07-11 06:45:43 - train - INFO - Epoch 119/200 | Time:  8.48s | Loss: 0.1876 | BPR: 0.1638 | ILE: 0.0218 | L_H: 0.1072 L_M: 0.2587 L_T: 0.2574
2026-07-11 06:46:01 - train - INFO - Epoch 120/200 | Time:  8.50s | Loss: 0.1869 | BPR: 0.1635 | ILE: 0.0214 | Dist: 0.0854 | L_H: 0.1075 L_M: 0.2572 L_T: 0.2548 | nDCG: 0.3782 | UPD: 0.2834 | AD: 0.3744 | EE: 0.0546
2026-07-11 06:46:02 - train - INFO - Checkpoint saved: ./checkpoints/ile_std/checkpoint_epoch_120.pt
2026-07-11 06:46:02 - train - INFO - Checkpoint saved: ./checkpoints/ile_std/best_model.pt
2026-07-11 06:46:02 - train - INFO -   New best nDCG: 0.3782 (saved as best_model.pt)
2026-07-11 06:46:10 - train - INFO - Epoch 121/200 | Time:  8.43s | Loss: 0.1863 | BPR: 0.1629 | ILE: 0.0213 | L_H: 0.1064 L_M: 0.2575 L_T: 0.2532
2026-07-11 06:46:18 - train - INFO - Epoch 122/200 | Time:  8.25s | Loss: 0.1862 | BPR: 0.1623 | ILE: 0.0218 | L_H: 0.1064 L_M: 0.2558 L_T: 0.2612
2026-07-11 06:46:26 - train - INFO - Epoch 123/200 | Time:  8.25s | Loss: 0.1843 | BPR: 0.1611 | ILE: 0.0211 | L_H: 0.1062 L_M: 0.2531 L_T: 0.2516
2026-07-11 06:46:35 - train - INFO - Epoch 124/200 | Time:  8.43s | Loss: 0.1840 | BPR: 0.1608 | ILE: 0.0211 | L_H: 0.1058 L_M: 0.2528 L_T: 0.2490
2026-07-11 06:46:44 - train - INFO - Epoch 125/200 | Time:  8.68s | Loss: 0.1822 | BPR: 0.1596 | ILE: 0.0204 | L_H: 0.1057 L_M: 0.2500 L_T: 0.2454
2026-07-11 06:46:52 - train - INFO - Epoch 126/200 | Time:  8.61s | Loss: 0.1822 | BPR: 0.1594 | ILE: 0.0207 | L_H: 0.1051 L_M: 0.2504 L_T: 0.2465
2026-07-11 06:47:01 - train - INFO - Epoch 127/200 | Time:  8.57s | Loss: 0.1818 | BPR: 0.1589 | ILE: 0.0207 | L_H: 0.1051 L_M: 0.2491 L_T: 0.2447
2026-07-11 06:47:09 - train - INFO - Epoch 128/200 | Time:  8.17s | Loss: 0.1809 | BPR: 0.1578 | ILE: 0.0210 | L_H: 0.1047 L_M: 0.2465 L_T: 0.2529
2026-07-11 06:47:17 - train - INFO - Epoch 129/200 | Time:  8.54s | Loss: 0.1785 | BPR: 0.1568 | ILE: 0.0195 | L_H: 0.1043 L_M: 0.2452 L_T: 0.2305
2026-07-11 06:47:36 - train - INFO - Epoch 130/200 | Time:  8.45s | Loss: 0.1787 | BPR: 0.1561 | ILE: 0.0204 | Dist: 0.0814 | L_H: 0.1042 L_M: 0.2434 L_T: 0.2396 | nDCG: 0.3840 | UPD: 0.2787 | AD: 0.3867 | EE: 0.0587
2026-07-11 06:47:36 - train - INFO - Checkpoint saved: ./checkpoints/ile_std/checkpoint_epoch_130.pt
2026-07-11 06:47:36 - train - INFO - Checkpoint saved: ./checkpoints/ile_std/best_model.pt
2026-07-11 06:47:36 - train - INFO -   New best nDCG: 0.3840 (saved as best_model.pt)
2026-07-11 06:47:44 - train - INFO - Epoch 131/200 | Time:  8.62s | Loss: 0.1780 | BPR: 0.1554 | ILE: 0.0204 | L_H: 0.1034 L_M: 0.2424 L_T: 0.2435
2026-07-11 06:47:53 - train - INFO - Epoch 132/200 | Time:  8.33s | Loss: 0.1780 | BPR: 0.1555 | ILE: 0.0202 | L_H: 0.1032 L_M: 0.2432 L_T: 0.2388
2026-07-11 06:48:01 - train - INFO - Epoch 133/200 | Time:  8.33s | Loss: 0.1764 | BPR: 0.1545 | ILE: 0.0196 | L_H: 0.1029 L_M: 0.2413 L_T: 0.2294
2026-07-11 06:48:10 - train - INFO - Epoch 134/200 | Time:  8.71s | Loss: 0.1744 | BPR: 0.1531 | ILE: 0.0190 | L_H: 0.1024 L_M: 0.2386 L_T: 0.2213
2026-07-11 06:48:18 - train - INFO - Epoch 135/200 | Time:  8.61s | Loss: 0.1753 | BPR: 0.1533 | ILE: 0.0197 | L_H: 0.1025 L_M: 0.2388 L_T: 0.2322
2026-07-11 06:48:27 - train - INFO - Epoch 136/200 | Time:  8.56s | Loss: 0.1738 | BPR: 0.1524 | ILE: 0.0191 | L_H: 0.1020 L_M: 0.2374 L_T: 0.2181
2026-07-11 06:48:35 - train - INFO - Epoch 137/200 | Time:  8.39s | Loss: 0.1733 | BPR: 0.1514 | ILE: 0.0195 | L_H: 0.1008 L_M: 0.2366 L_T: 0.2322
2026-07-11 06:48:43 - train - INFO - Epoch 138/200 | Time:  8.07s | Loss: 0.1735 | BPR: 0.1517 | ILE: 0.0194 | L_H: 0.1016 L_M: 0.2358 L_T: 0.2287
2026-07-11 06:48:52 - train - INFO - Epoch 139/200 | Time:  8.63s | Loss: 0.1713 | BPR: 0.1506 | ILE: 0.0184 | L_H: 0.1016 L_M: 0.2333 L_T: 0.2168
2026-07-11 06:49:10 - train - INFO - Epoch 140/200 | Time:  8.47s | Loss: 0.1708 | BPR: 0.1497 | ILE: 0.0188 | Dist: 0.0752 | L_H: 0.1006 L_M: 0.2322 L_T: 0.2210 | nDCG: 0.3897 | UPD: 0.2738 | AD: 0.4016 | EE: 0.0627
2026-07-11 06:49:10 - train - INFO - Checkpoint saved: ./checkpoints/ile_std/checkpoint_epoch_140.pt
2026-07-11 06:49:10 - train - INFO - Checkpoint saved: ./checkpoints/ile_std/best_model.pt
2026-07-11 06:49:10 - train - INFO -   New best nDCG: 0.3897 (saved as best_model.pt)
2026-07-11 06:49:18 - train - INFO - Epoch 141/200 | Time:  8.41s | Loss: 0.1701 | BPR: 0.1488 | ILE: 0.0189 | L_H: 0.1002 L_M: 0.2305 L_T: 0.2217
2026-07-11 06:49:27 - train - INFO - Epoch 142/200 | Time:  8.39s | Loss: 0.1698 | BPR: 0.1484 | ILE: 0.0189 | L_H: 0.0999 L_M: 0.2300 L_T: 0.2208
2026-07-11 06:49:35 - train - INFO - Epoch 143/200 | Time:  8.25s | Loss: 0.1687 | BPR: 0.1477 | ILE: 0.0186 | L_H: 0.0995 L_M: 0.2289 L_T: 0.2138
2026-07-11 06:49:44 - train - INFO - Epoch 144/200 | Time:  8.81s | Loss: 0.1685 | BPR: 0.1475 | ILE: 0.0186 | L_H: 0.1000 L_M: 0.2275 L_T: 0.2216
2026-07-11 06:49:52 - train - INFO - Epoch 145/200 | Time:  8.57s | Loss: 0.1677 | BPR: 0.1470 | ILE: 0.0182 | L_H: 0.0992 L_M: 0.2275 L_T: 0.2133
2026-07-11 06:50:01 - train - INFO - Epoch 146/200 | Time:  8.81s | Loss: 0.1663 | BPR: 0.1460 | ILE: 0.0178 | L_H: 0.0985 L_M: 0.2262 L_T: 0.2083
2026-07-11 06:50:10 - train - INFO - Epoch 147/200 | Time:  8.57s | Loss: 0.1657 | BPR: 0.1451 | ILE: 0.0182 | L_H: 0.0984 L_M: 0.2237 L_T: 0.2115
2026-07-11 06:50:18 - train - INFO - Epoch 148/200 | Time:  8.38s | Loss: 0.1650 | BPR: 0.1447 | ILE: 0.0179 | L_H: 0.0983 L_M: 0.2229 L_T: 0.2095
2026-07-11 06:50:27 - train - INFO - Epoch 149/200 | Time:  8.43s | Loss: 0.1638 | BPR: 0.1438 | ILE: 0.0174 | L_H: 0.0979 L_M: 0.2213 L_T: 0.2059
2026-07-11 06:50:45 - train - INFO - Epoch 150/200 | Time:  8.38s | Loss: 0.1640 | BPR: 0.1436 | ILE: 0.0179 | Dist: 0.0716 | L_H: 0.0974 L_M: 0.2214 L_T: 0.2087 | nDCG: 0.3938 | UPD: 0.2693 | AD: 0.4163 | EE: 0.0660
2026-07-11 06:50:45 - train - INFO - Checkpoint saved: ./checkpoints/ile_std/checkpoint_epoch_150.pt
2026-07-11 06:50:45 - train - INFO - Checkpoint saved: ./checkpoints/ile_std/best_model.pt
2026-07-11 06:50:45 - train - INFO -   New best nDCG: 0.3938 (saved as best_model.pt)
2026-07-11 06:50:53 - train - INFO - Epoch 151/200 | Time:  8.66s | Loss: 0.1635 | BPR: 0.1432 | ILE: 0.0178 | L_H: 0.0975 L_M: 0.2202 L_T: 0.2036
2026-07-11 06:51:02 - train - INFO - Epoch 152/200 | Time:  8.72s | Loss: 0.1628 | BPR: 0.1427 | ILE: 0.0176 | L_H: 0.0970 L_M: 0.2198 L_T: 0.2028
2026-07-11 06:51:11 - train - INFO - Epoch 153/200 | Time:  8.60s | Loss: 0.1613 | BPR: 0.1413 | ILE: 0.0174 | L_H: 0.0965 L_M: 0.2170 L_T: 0.2036
2026-07-11 06:51:19 - train - INFO - Epoch 154/200 | Time:  8.35s | Loss: 0.1604 | BPR: 0.1410 | ILE: 0.0169 | L_H: 0.0958 L_M: 0.2174 L_T: 0.1895
2026-07-11 06:51:28 - train - INFO - Epoch 155/200 | Time:  8.73s | Loss: 0.1595 | BPR: 0.1401 | ILE: 0.0169 | L_H: 0.0959 L_M: 0.2148 L_T: 0.1947
2026-07-11 06:51:37 - train - INFO - Epoch 156/200 | Time:  8.76s | Loss: 0.1593 | BPR: 0.1400 | ILE: 0.0167 | L_H: 0.0955 L_M: 0.2154 L_T: 0.1904
2026-07-11 06:51:45 - train - INFO - Epoch 157/200 | Time:  8.73s | Loss: 0.1587 | BPR: 0.1394 | ILE: 0.0167 | L_H: 0.0951 L_M: 0.2143 L_T: 0.1936
2026-07-11 06:51:54 - train - INFO - Epoch 158/200 | Time:  8.33s | Loss: 0.1587 | BPR: 0.1389 | ILE: 0.0172 | L_H: 0.0951 L_M: 0.2129 L_T: 0.1932
2026-07-11 06:52:02 - train - INFO - Epoch 159/200 | Time:  8.70s | Loss: 0.1574 | BPR: 0.1384 | ILE: 0.0163 | L_H: 0.0950 L_M: 0.2118 L_T: 0.1882
2026-07-11 06:52:21 - train - INFO - Epoch 160/200 | Time:  8.72s | Loss: 0.1573 | BPR: 0.1381 | ILE: 0.0165 | Dist: 0.0662 | L_H: 0.0949 L_M: 0.2112 L_T: 0.1902 | nDCG: 0.3981 | UPD: 0.2648 | AD: 0.4265 | EE: 0.0696
2026-07-11 06:52:21 - train - INFO - Checkpoint saved: ./checkpoints/ile_std/checkpoint_epoch_160.pt
2026-07-11 06:52:21 - train - INFO - Checkpoint saved: ./checkpoints/ile_std/best_model.pt
2026-07-11 06:52:21 - train - INFO -   New best nDCG: 0.3981 (saved as best_model.pt)
2026-07-11 06:52:29 - train - INFO - Epoch 161/200 | Time:  8.46s | Loss: 0.1568 | BPR: 0.1370 | ILE: 0.0172 | L_H: 0.0939 L_M: 0.2098 L_T: 0.1956
2026-07-11 06:52:38 - train - INFO - Epoch 162/200 | Time:  8.46s | Loss: 0.1554 | BPR: 0.1363 | ILE: 0.0164 | L_H: 0.0935 L_M: 0.2086 L_T: 0.1896
2026-07-11 06:52:46 - train - INFO - Epoch 163/200 | Time:  8.41s | Loss: 0.1547 | BPR: 0.1360 | ILE: 0.0160 | L_H: 0.0941 L_M: 0.2073 L_T: 0.1794
2026-07-11 06:52:55 - train - INFO - Epoch 164/200 | Time:  8.51s | Loss: 0.1545 | BPR: 0.1355 | ILE: 0.0163 | L_H: 0.0932 L_M: 0.2070 L_T: 0.1897
2026-07-11 06:53:03 - train - INFO - Epoch 165/200 | Time:  8.63s | Loss: 0.1533 | BPR: 0.1349 | ILE: 0.0157 | L_H: 0.0933 L_M: 0.2057 L_T: 0.1744
2026-07-11 06:53:12 - train - INFO - Epoch 166/200 | Time:  8.58s | Loss: 0.1528 | BPR: 0.1345 | ILE: 0.0155 | L_H: 0.0932 L_M: 0.2046 L_T: 0.1771
2026-07-11 06:53:20 - train - INFO - Epoch 167/200 | Time:  8.52s | Loss: 0.1533 | BPR: 0.1345 | ILE: 0.0160 | L_H: 0.0932 L_M: 0.2046 L_T: 0.1798
2026-07-11 06:53:29 - train - INFO - Epoch 168/200 | Time:  8.60s | Loss: 0.1515 | BPR: 0.1330 | ILE: 0.0157 | L_H: 0.0924 L_M: 0.2018 L_T: 0.1812
2026-07-11 06:53:38 - train - INFO - Epoch 169/200 | Time:  8.75s | Loss: 0.1514 | BPR: 0.1330 | ILE: 0.0156 | L_H: 0.0921 L_M: 0.2022 L_T: 0.1789
2026-07-11 06:53:56 - train - INFO - Epoch 170/200 | Time:  8.72s | Loss: 0.1507 | BPR: 0.1324 | ILE: 0.0156 | Dist: 0.0622 | L_H: 0.0920 L_M: 0.2007 L_T: 0.1758 | nDCG: 0.4021 | UPD: 0.2614 | AD: 0.4344 | EE: 0.0728
2026-07-11 06:53:56 - train - INFO - Checkpoint saved: ./checkpoints/ile_std/checkpoint_epoch_170.pt
2026-07-11 06:53:56 - train - INFO - Checkpoint saved: ./checkpoints/ile_std/best_model.pt
2026-07-11 06:53:56 - train - INFO -   New best nDCG: 0.4021 (saved as best_model.pt)
2026-07-11 06:54:05 - train - INFO - Epoch 171/200 | Time:  9.01s | Loss: 0.1499 | BPR: 0.1318 | ILE: 0.0153 | L_H: 0.0916 L_M: 0.1998 L_T: 0.1726
2026-07-11 06:54:14 - train - INFO - Epoch 172/200 | Time:  8.70s | Loss: 0.1500 | BPR: 0.1315 | ILE: 0.0157 | L_H: 0.0915 L_M: 0.1990 L_T: 0.1789
2026-07-11 06:54:22 - train - INFO - Epoch 173/200 | Time:  8.53s | Loss: 0.1487 | BPR: 0.1304 | ILE: 0.0155 | L_H: 0.0907 L_M: 0.1976 L_T: 0.1774
2026-07-11 06:54:31 - train - INFO - Epoch 174/200 | Time:  8.89s | Loss: 0.1482 | BPR: 0.1298 | ILE: 0.0156 | L_H: 0.0904 L_M: 0.1964 L_T: 0.1800
2026-07-11 06:54:40 - train - INFO - Epoch 175/200 | Time:  8.35s | Loss: 0.1479 | BPR: 0.1297 | ILE: 0.0153 | L_H: 0.0903 L_M: 0.1964 L_T: 0.1785
2026-07-11 06:54:48 - train - INFO - Epoch 176/200 | Time:  8.62s | Loss: 0.1470 | BPR: 0.1291 | ILE: 0.0151 | L_H: 0.0900 L_M: 0.1954 L_T: 0.1675
2026-07-11 06:54:57 - train - INFO - Epoch 177/200 | Time:  8.58s | Loss: 0.1467 | BPR: 0.1291 | ILE: 0.0148 | L_H: 0.0904 L_M: 0.1949 L_T: 0.1633
2026-07-11 06:55:05 - train - INFO - Epoch 178/200 | Time:  8.45s | Loss: 0.1454 | BPR: 0.1278 | ILE: 0.0147 | L_H: 0.0897 L_M: 0.1925 L_T: 0.1678
2026-07-11 06:55:14 - train - INFO - Epoch 179/200 | Time:  8.49s | Loss: 0.1455 | BPR: 0.1274 | ILE: 0.0152 | L_H: 0.0893 L_M: 0.1922 L_T: 0.1672
2026-07-11 06:55:32 - train - INFO - Epoch 180/200 | Time:  8.76s | Loss: 0.1454 | BPR: 0.1277 | ILE: 0.0148 | Dist: 0.0592 | L_H: 0.0894 L_M: 0.1927 L_T: 0.1646 | nDCG: 0.4047 | UPD: 0.2567 | AD: 0.4502 | EE: 0.0762
2026-07-11 06:55:32 - train - INFO - Checkpoint saved: ./checkpoints/ile_std/checkpoint_epoch_180.pt
2026-07-11 06:55:32 - train - INFO - Checkpoint saved: ./checkpoints/ile_std/best_model.pt
2026-07-11 06:55:32 - train - INFO -   New best nDCG: 0.4047 (saved as best_model.pt)
2026-07-11 06:55:41 - train - INFO - Epoch 181/200 | Time:  8.56s | Loss: 0.1437 | BPR: 0.1262 | ILE: 0.0145 | L_H: 0.0887 L_M: 0.1901 L_T: 0.1642
2026-07-11 06:55:49 - train - INFO - Epoch 182/200 | Time:  8.65s | Loss: 0.1434 | BPR: 0.1260 | ILE: 0.0144 | L_H: 0.0886 L_M: 0.1895 L_T: 0.1598
2026-07-11 06:55:58 - train - INFO - Epoch 183/200 | Time:  8.48s | Loss: 0.1426 | BPR: 0.1252 | ILE: 0.0144 | L_H: 0.0884 L_M: 0.1877 L_T: 0.1608
2026-07-11 06:56:07 - train - INFO - Epoch 184/200 | Time:  8.61s | Loss: 0.1427 | BPR: 0.1252 | ILE: 0.0145 | L_H: 0.0884 L_M: 0.1878 L_T: 0.1607
2026-07-11 06:56:15 - train - INFO - Epoch 185/200 | Time:  8.59s | Loss: 0.1424 | BPR: 0.1249 | ILE: 0.0145 | L_H: 0.0883 L_M: 0.1870 L_T: 0.1617
2026-07-11 06:56:24 - train - INFO - Epoch 186/200 | Time:  8.52s | Loss: 0.1408 | BPR: 0.1236 | ILE: 0.0142 | L_H: 0.0874 L_M: 0.1850 L_T: 0.1603
2026-07-11 06:56:32 - train - INFO - Epoch 187/200 | Time:  8.43s | Loss: 0.1417 | BPR: 0.1243 | ILE: 0.0144 | L_H: 0.0879 L_M: 0.1861 L_T: 0.1598
2026-07-11 06:56:40 - train - INFO - Epoch 188/200 | Time:  8.36s | Loss: 0.1405 | BPR: 0.1232 | ILE: 0.0143 | L_H: 0.0872 L_M: 0.1842 L_T: 0.1608
2026-07-11 06:56:49 - train - INFO - Epoch 189/200 | Time:  8.69s | Loss: 0.1406 | BPR: 0.1234 | ILE: 0.0142 | L_H: 0.0879 L_M: 0.1837 L_T: 0.1579
2026-07-11 06:57:07 - train - INFO - Epoch 190/200 | Time:  8.50s | Loss: 0.1393 | BPR: 0.1221 | ILE: 0.0142 | Dist: 0.0567 | L_H: 0.0865 L_M: 0.1825 L_T: 0.1567 | nDCG: 0.4081 | UPD: 0.2536 | AD: 0.4576 | EE: 0.0791
2026-07-11 06:57:07 - train - INFO - Checkpoint saved: ./checkpoints/ile_std/checkpoint_epoch_190.pt
2026-07-11 06:57:07 - train - INFO - Checkpoint saved: ./checkpoints/ile_std/best_model.pt
2026-07-11 06:57:07 - train - INFO -   New best nDCG: 0.4081 (saved as best_model.pt)
2026-07-11 06:57:16 - train - INFO - Epoch 191/200 | Time:  8.97s | Loss: 0.1385 | BPR: 0.1216 | ILE: 0.0138 | L_H: 0.0865 L_M: 0.1814 L_T: 0.1535
2026-07-11 06:57:25 - train - INFO - Epoch 192/200 | Time:  8.65s | Loss: 0.1383 | BPR: 0.1213 | ILE: 0.0140 | L_H: 0.0860 L_M: 0.1816 L_T: 0.1519
2026-07-11 06:57:33 - train - INFO - Epoch 193/200 | Time:  8.43s | Loss: 0.1374 | BPR: 0.1209 | ILE: 0.0134 | L_H: 0.0859 L_M: 0.1806 L_T: 0.1496
2026-07-11 06:57:42 - train - INFO - Epoch 194/200 | Time:  8.50s | Loss: 0.1367 | BPR: 0.1203 | ILE: 0.0133 | L_H: 0.0856 L_M: 0.1795 L_T: 0.1509
2026-07-11 06:57:51 - train - INFO - Epoch 195/200 | Time:  8.78s | Loss: 0.1366 | BPR: 0.1195 | ILE: 0.0140 | L_H: 0.0851 L_M: 0.1779 L_T: 0.1562
2026-07-11 06:58:00 - train - INFO - Epoch 196/200 | Time:  8.76s | Loss: 0.1361 | BPR: 0.1195 | ILE: 0.0135 | L_H: 0.0854 L_M: 0.1775 L_T: 0.1523
2026-07-11 06:58:08 - train - INFO - Epoch 197/200 | Time:  8.56s | Loss: 0.1357 | BPR: 0.1188 | ILE: 0.0138 | L_H: 0.0848 L_M: 0.1766 L_T: 0.1523
2026-07-11 06:58:17 - train - INFO - Epoch 198/200 | Time:  8.68s | Loss: 0.1349 | BPR: 0.1185 | ILE: 0.0133 | L_H: 0.0849 L_M: 0.1756 L_T: 0.1484
2026-07-11 06:58:25 - train - INFO - Epoch 199/200 | Time:  8.32s | Loss: 0.1345 | BPR: 0.1180 | ILE: 0.0134 | L_H: 0.0852 L_M: 0.1738 L_T: 0.1469
2026-07-11 06:58:44 - train - INFO - Epoch 200/200 | Time:  9.07s | Loss: 0.1341 | BPR: 0.1177 | ILE: 0.0132 | Dist: 0.0530 | L_H: 0.0841 L_M: 0.1749 L_T: 0.1481 | nDCG: 0.4108 | UPD: 0.2503 | AD: 0.4655 | EE: 0.0825
2026-07-11 06:58:44 - train - INFO - Checkpoint saved: ./checkpoints/ile_std/checkpoint_epoch_200.pt
2026-07-11 06:58:44 - train - INFO - Checkpoint saved: ./checkpoints/ile_std/best_model.pt
2026-07-11 06:58:44 - train - INFO -   New best nDCG: 0.4108 (saved as best_model.pt)
2026-07-11 06:58:44 - train - INFO - Training completed in 1672.73s (27.88min)
2026-07-11 06:58:44 - train - INFO - Best model: epoch 200, nDCG=0.4108
2026-07-11 06:58:44 - train - INFO - ============================================================
2026-07-11 06:58:44 - train - INFO - Training Complete!
2026-07-11 06:58:44 - train - INFO - ============================================================
2026-07-11 06:58:44 - train - INFO - Final Evaluation Metrics:
2026-07-11 06:58:44 - train - INFO -   nDCG      : 0.4108
2026-07-11 06:58:44 - train - INFO -   UPD       : 0.2503
2026-07-11 06:58:44 - train - INFO -   AD        : 0.4655
2026-07-11 06:58:44 - train - INFO -   EE        : 0.0825
2026-07-11 08:13:32 - train - INFO - ============================================================
2026-07-11 08:13:32 - train - INFO - ILE-BPR Training Started
2026-07-11 08:13:32 - train - INFO - ============================================================
2026-07-11 08:13:32 - train - INFO - Configuration: {'seed': 42, 'deterministic': True, 'dataset': {'name': 'movielens-1m', 'data_dir': './data', 'train_ratio': 0.8, 'min_interactions': 5}, 'model': {'name': 'ile_bpr', 'embedding_dim': 128, 'init_std': 0.01}, 'loss': {'name': 'ile', 'distance': 'std', 'lambda_ile': 0.25, 'eps': 1e-08, 'reg_weight': 0.0001}, 'training': {'epochs': 200, 'batch_size': 1024, 'learning_rate': 0.0001, 'optimizer': 'adam', 'weight_decay': 0.0, 'num_negatives': 1, 'eval_freq': 10, 'save_freq': 10, 'early_stopping': {'enabled': True, 'patience': 20, 'metric': 'nDCG', 'mode': 'max', 'min_delta': 0.0}}, 'evaluation': {'top_k': 10, 'metrics': ['nDCG', 'UPD', 'AD', 'EE']}, 'logging': {'log_dir': './logs', 'checkpoint_dir': './checkpoints/ile_std', 'use_tensorboard': True, 'log_interval': 100}, 'device': 'auto', 'distributed': False}
2026-07-11 08:13:32 - train - INFO - Early stopping: ENABLED
2026-07-11 08:13:32 - train - INFO -   Patience: 20
2026-07-11 08:13:32 - train - INFO -   Metric: nDCG
2026-07-11 08:13:32 - train - INFO -   Mode: max
2026-07-11 08:13:32 - train - INFO - Loading dataset: movielens-1m
2026-07-11 08:13:32 - train - INFO - Loading preprocessed dataset from ./data/movielens_1m_processed.pkl
2026-07-11 08:13:32 - train - INFO - Dataset loaded: 6040 users, 3706 items
2026-07-11 08:13:32 - train - INFO - Train: 797,758, Test: 202,451
2026-07-11 08:13:32 - train - INFO - Model: ILEBPRModel
2026-07-11 08:13:32 - train - INFO - Parameters: 1,247,488
2026-07-11 08:13:32 - train - INFO - Embedding dim: 128
2026-07-11 08:13:34 - train - INFO - Starting training...
2026-07-11 08:13:34 - train - INFO - Starting training for 200 epochs
2026-07-11 08:13:34 - train - INFO - Model: ILEBPRModel
2026-07-11 08:13:34 - train - INFO - Dataset: movielens-1m
2026-07-11 08:13:34 - train - INFO - Users: 6040, Items: 3706
2026-07-11 08:13:34 - train - INFO - Train interactions: 797,758
2026-07-11 08:13:34 - train - INFO - Use ILE: True
2026-07-11 08:13:34 - train - INFO - Distance: std, λ: 0.25
2026-07-11 08:13:34 - train - INFO - Batches per epoch: 780
2026-07-11 08:13:53 - train - INFO - Epoch   1/200 | Time:  8.78s | Loss: 0.6931 | BPR: 0.6930 | ILE: 0.0001 | Dist: 0.0002 | L_H: 0.6930 L_M: 0.6931 L_T: 0.6932 | nDCG: 0.0953 | UPD: 0.2625 | AD: 0.9552 | EE: 0.2649
2026-07-11 08:13:53 - train - INFO - Checkpoint saved: ./checkpoints/ile_std/best_model.pt
2026-07-11 08:13:53 - train - INFO -   New best nDCG: 0.0953 (saved as best_model.pt)
2026-07-11 08:14:01 - train - INFO - Epoch   2/200 | Time:  8.16s | Loss: 0.6819 | BPR: 0.6797 | ILE: 0.0021 | L_H: 0.6741 L_M: 0.6902 L_T: 0.6934
2026-07-11 08:14:10 - train - INFO - Epoch   3/200 | Time:  8.24s | Loss: 0.5936 | BPR: 0.5742 | ILE: 0.0193 | L_H: 0.5239 L_M: 0.6678 L_T: 0.6996
2026-07-11 08:14:18 - train - INFO - Epoch   4/200 | Time:  8.25s | Loss: 0.4979 | BPR: 0.4577 | ILE: 0.0400 | L_H: 0.3576 L_M: 0.6438 L_T: 0.7226
2026-07-11 08:14:26 - train - INFO - Epoch   5/200 | Time:  8.22s | Loss: 0.4552 | BPR: 0.4044 | ILE: 0.0506 | L_H: 0.2795 L_M: 0.6362 L_T: 0.7415
2026-07-11 08:14:34 - train - INFO - Epoch   6/200 | Time:  8.31s | Loss: 0.4368 | BPR: 0.3806 | ILE: 0.0558 | L_H: 0.2437 L_M: 0.6351 L_T: 0.7505
2026-07-11 08:14:42 - train - INFO - Epoch   7/200 | Time:  8.04s | Loss: 0.4266 | BPR: 0.3664 | ILE: 0.0598 | L_H: 0.2242 L_M: 0.6301 L_T: 0.7706
2026-07-11 08:14:51 - train - INFO - Epoch   8/200 | Time:  8.27s | Loss: 0.4184 | BPR: 0.3570 | ILE: 0.0609 | L_H: 0.2117 L_M: 0.6265 L_T: 0.7669
2026-07-11 08:14:59 - train - INFO - Epoch   9/200 | Time:  8.23s | Loss: 0.4125 | BPR: 0.3498 | ILE: 0.0622 | L_H: 0.2041 L_M: 0.6200 L_T: 0.7706
2026-07-11 08:15:18 - train - INFO - Epoch  10/200 | Time:  8.34s | Loss: 0.4089 | BPR: 0.3442 | ILE: 0.0642 | Dist: 0.2566 | L_H: 0.1973 L_M: 0.6163 L_T: 0.7839 | nDCG: 0.2141 | UPD: 0.3257 | AD: 0.0459 | EE: 0.0044
2026-07-11 08:15:18 - train - INFO - Checkpoint saved: ./checkpoints/ile_std/checkpoint_epoch_10.pt
2026-07-11 08:15:18 - train - INFO - Checkpoint saved: ./checkpoints/ile_std/best_model.pt
2026-07-11 08:15:18 - train - INFO -   New best nDCG: 0.2141 (saved as best_model.pt)
2026-07-11 08:15:26 - train - INFO - Epoch  11/200 | Time:  8.27s | Loss: 0.4033 | BPR: 0.3399 | ILE: 0.0629 | L_H: 0.1937 L_M: 0.6109 L_T: 0.7684
2026-07-11 08:15:34 - train - INFO - Epoch  12/200 | Time:  8.07s | Loss: 0.4001 | BPR: 0.3350 | ILE: 0.0645 | L_H: 0.1896 L_M: 0.6043 L_T: 0.7844
2026-07-11 08:15:42 - train - INFO - Epoch  13/200 | Time:  8.28s | Loss: 0.3957 | BPR: 0.3317 | ILE: 0.0635 | L_H: 0.1874 L_M: 0.5988 L_T: 0.7707
2026-07-11 08:15:51 - train - INFO - Epoch  14/200 | Time:  8.22s | Loss: 0.3918 | BPR: 0.3279 | ILE: 0.0633 | L_H: 0.1839 L_M: 0.5945 L_T: 0.7639
2026-07-11 08:15:59 - train - INFO - Epoch  15/200 | Time:  8.20s | Loss: 0.3889 | BPR: 0.3241 | ILE: 0.0642 | L_H: 0.1821 L_M: 0.5866 L_T: 0.7710
2026-07-11 08:16:07 - train - INFO - Epoch  16/200 | Time:  8.47s | Loss: 0.3835 | BPR: 0.3198 | ILE: 0.0631 | L_H: 0.1795 L_M: 0.5793 L_T: 0.7583
2026-07-11 08:16:15 - train - INFO - Epoch  17/200 | Time:  8.21s | Loss: 0.3804 | BPR: 0.3167 | ILE: 0.0632 | L_H: 0.1779 L_M: 0.5733 L_T: 0.7586
2026-07-11 08:16:24 - train - INFO - Epoch  18/200 | Time:  8.44s | Loss: 0.3749 | BPR: 0.3128 | ILE: 0.0615 | L_H: 0.1761 L_M: 0.5656 L_T: 0.7393
2026-07-11 08:16:32 - train - INFO - Epoch  19/200 | Time:  8.32s | Loss: 0.3718 | BPR: 0.3092 | ILE: 0.0619 | L_H: 0.1749 L_M: 0.5575 L_T: 0.7440
2026-07-11 08:16:51 - train - INFO - Epoch  20/200 | Time:  8.23s | Loss: 0.3673 | BPR: 0.3053 | ILE: 0.0613 | Dist: 0.2453 | L_H: 0.1722 L_M: 0.5514 L_T: 0.7348 | nDCG: 0.2346 | UPD: 0.3250 | AD: 0.0677 | EE: 0.0055
2026-07-11 08:16:51 - train - INFO - Checkpoint saved: ./checkpoints/ile_std/checkpoint_epoch_20.pt
2026-07-11 08:16:51 - train - INFO - Checkpoint saved: ./checkpoints/ile_std/best_model.pt
2026-07-11 08:16:51 - train - INFO -   New best nDCG: 0.2346 (saved as best_model.pt)
2026-07-11 08:16:59 - train - INFO - Epoch  21/200 | Time:  8.31s | Loss: 0.3628 | BPR: 0.3016 | ILE: 0.0606 | L_H: 0.1707 L_M: 0.5432 L_T: 0.7263
2026-07-11 08:17:07 - train - INFO - Epoch  22/200 | Time:  8.21s | Loss: 0.3597 | BPR: 0.2985 | ILE: 0.0605 | L_H: 0.1695 L_M: 0.5368 L_T: 0.7227
2026-07-11 08:17:15 - train - INFO - Epoch  23/200 | Time:  8.13s | Loss: 0.3562 | BPR: 0.2952 | ILE: 0.0604 | L_H: 0.1681 L_M: 0.5298 L_T: 0.7198
2026-07-11 08:17:24 - train - INFO - Epoch  24/200 | Time:  8.30s | Loss: 0.3516 | BPR: 0.2922 | ILE: 0.0587 | L_H: 0.1664 L_M: 0.5248 L_T: 0.7028
2026-07-11 08:17:32 - train - INFO - Epoch  25/200 | Time:  8.33s | Loss: 0.3480 | BPR: 0.2888 | ILE: 0.0585 | L_H: 0.1652 L_M: 0.5169 L_T: 0.7043
2026-07-11 08:17:40 - train - INFO - Epoch  26/200 | Time:  8.27s | Loss: 0.3454 | BPR: 0.2865 | ILE: 0.0582 | L_H: 0.1639 L_M: 0.5129 L_T: 0.6955
2026-07-11 08:17:49 - train - INFO - Epoch  27/200 | Time:  8.27s | Loss: 0.3394 | BPR: 0.2823 | ILE: 0.0563 | L_H: 0.1622 L_M: 0.5043 L_T: 0.6761
2026-07-11 08:17:57 - train - INFO - Epoch  28/200 | Time:  8.13s | Loss: 0.3381 | BPR: 0.2801 | ILE: 0.0573 | L_H: 0.1613 L_M: 0.4993 L_T: 0.6853
2026-07-11 08:18:05 - train - INFO - Epoch  29/200 | Time:  8.38s | Loss: 0.3319 | BPR: 0.2767 | ILE: 0.0545 | L_H: 0.1599 L_M: 0.4923 L_T: 0.6546
2026-07-11 08:18:24 - train - INFO - Epoch  30/200 | Time:  8.25s | Loss: 0.3293 | BPR: 0.2745 | ILE: 0.0540 | Dist: 0.2160 | L_H: 0.1590 L_M: 0.4879 L_T: 0.6472 | nDCG: 0.2607 | UPD: 0.3241 | AD: 0.0974 | EE: 0.0081
2026-07-11 08:18:24 - train - INFO - Checkpoint saved: ./checkpoints/ile_std/checkpoint_epoch_30.pt
2026-07-11 08:18:24 - train - INFO - Checkpoint saved: ./checkpoints/ile_std/best_model.pt
2026-07-11 08:18:24 - train - INFO -   New best nDCG: 0.2607 (saved as best_model.pt)
2026-07-11 08:18:32 - train - INFO - Epoch  31/200 | Time:  8.27s | Loss: 0.3263 | BPR: 0.2713 | ILE: 0.0542 | L_H: 0.1568 L_M: 0.4827 L_T: 0.6463
2026-07-11 08:18:40 - train - INFO - Epoch  32/200 | Time:  8.23s | Loss: 0.3226 | BPR: 0.2685 | ILE: 0.0532 | L_H: 0.1562 L_M: 0.4763 L_T: 0.6343
2026-07-11 08:18:48 - train - INFO - Epoch  33/200 | Time:  8.00s | Loss: 0.3202 | BPR: 0.2666 | ILE: 0.0527 | L_H: 0.1560 L_M: 0.4710 L_T: 0.6305
2026-07-11 08:18:56 - train - INFO - Epoch  34/200 | Time:  8.26s | Loss: 0.3156 | BPR: 0.2637 | ILE: 0.0511 | L_H: 0.1546 L_M: 0.4656 L_T: 0.6112
2026-07-11 08:19:05 - train - INFO - Epoch  35/200 | Time:  8.36s | Loss: 0.3146 | BPR: 0.2619 | ILE: 0.0519 | L_H: 0.1536 L_M: 0.4617 L_T: 0.6199
2026-07-11 08:19:13 - train - INFO - Epoch  36/200 | Time:  8.28s | Loss: 0.3103 | BPR: 0.2584 | ILE: 0.0510 | L_H: 0.1521 L_M: 0.4550 L_T: 0.6074
2026-07-11 08:19:21 - train - INFO - Epoch  37/200 | Time:  8.22s | Loss: 0.3062 | BPR: 0.2556 | ILE: 0.0497 | L_H: 0.1507 L_M: 0.4494 L_T: 0.5960
2026-07-11 08:19:29 - train - INFO - Epoch  38/200 | Time:  8.08s | Loss: 0.3054 | BPR: 0.2543 | ILE: 0.0502 | L_H: 0.1500 L_M: 0.4469 L_T: 0.6001
2026-07-11 08:19:38 - train - INFO - Epoch  39/200 | Time:  8.23s | Loss: 0.3012 | BPR: 0.2515 | ILE: 0.0488 | L_H: 0.1486 L_M: 0.4417 L_T: 0.5809
2026-07-11 08:19:56 - train - INFO - Epoch  40/200 | Time:  8.21s | Loss: 0.2995 | BPR: 0.2498 | ILE: 0.0487 | Dist: 0.1950 | L_H: 0.1485 L_M: 0.4369 L_T: 0.5829 | nDCG: 0.2843 | UPD: 0.3213 | AD: 0.1341 | EE: 0.0118
2026-07-11 08:19:56 - train - INFO - Checkpoint saved: ./checkpoints/ile_std/checkpoint_epoch_40.pt
2026-07-11 08:19:56 - train - INFO - Checkpoint saved: ./checkpoints/ile_std/best_model.pt
2026-07-11 08:19:56 - train - INFO -   New best nDCG: 0.2843 (saved as best_model.pt)
2026-07-11 08:20:04 - train - INFO - Epoch  41/200 | Time:  8.25s | Loss: 0.2948 | BPR: 0.2459 | ILE: 0.0479 | L_H: 0.1465 L_M: 0.4297 L_T: 0.5731
2026-07-11 08:20:13 - train - INFO - Epoch  42/200 | Time:  8.33s | Loss: 0.2927 | BPR: 0.2443 | ILE: 0.0475 | L_H: 0.1450 L_M: 0.4279 L_T: 0.5644
2026-07-11 08:20:21 - train - INFO - Epoch  43/200 | Time:  8.09s | Loss: 0.2892 | BPR: 0.2418 | ILE: 0.0464 | L_H: 0.1446 L_M: 0.4213 L_T: 0.5545
2026-07-11 08:20:29 - train - INFO - Epoch  44/200 | Time:  8.21s | Loss: 0.2883 | BPR: 0.2404 | ILE: 0.0469 | L_H: 0.1444 L_M: 0.4177 L_T: 0.5567
2026-07-11 08:20:37 - train - INFO - Epoch  45/200 | Time:  8.30s | Loss: 0.2845 | BPR: 0.2375 | ILE: 0.0459 | L_H: 0.1428 L_M: 0.4126 L_T: 0.5476
2026-07-11 08:20:46 - train - INFO - Epoch  46/200 | Time:  8.25s | Loss: 0.2825 | BPR: 0.2361 | ILE: 0.0453 | L_H: 0.1418 L_M: 0.4104 L_T: 0.5361
2026-07-11 08:20:54 - train - INFO - Epoch  47/200 | Time:  8.31s | Loss: 0.2799 | BPR: 0.2346 | ILE: 0.0443 | L_H: 0.1414 L_M: 0.4068 L_T: 0.5302
2026-07-11 08:21:02 - train - INFO - Epoch  48/200 | Time:  8.10s | Loss: 0.2774 | BPR: 0.2322 | ILE: 0.0441 | L_H: 0.1399 L_M: 0.4032 L_T: 0.5210
2026-07-11 08:21:10 - train - INFO - Epoch  49/200 | Time:  8.33s | Loss: 0.2744 | BPR: 0.2304 | ILE: 0.0429 | L_H: 0.1399 L_M: 0.3977 L_T: 0.5083
2026-07-11 08:21:29 - train - INFO - Epoch  50/200 | Time:  8.25s | Loss: 0.2751 | BPR: 0.2303 | ILE: 0.0438 | Dist: 0.1750 | L_H: 0.1396 L_M: 0.3980 L_T: 0.5152 | nDCG: 0.3043 | UPD: 0.3171 | AD: 0.1727 | EE: 0.0165
2026-07-11 08:21:29 - train - INFO - Checkpoint saved: ./checkpoints/ile_std/checkpoint_epoch_50.pt
2026-07-11 08:21:29 - train - INFO - Checkpoint saved: ./checkpoints/ile_std/best_model.pt
2026-07-11 08:21:29 - train - INFO -   New best nDCG: 0.3043 (saved as best_model.pt)
2026-07-11 08:21:37 - train - INFO - Epoch  51/200 | Time:  8.39s | Loss: 0.2705 | BPR: 0.2272 | ILE: 0.0422 | L_H: 0.1383 L_M: 0.3918 L_T: 0.5061
2026-07-11 08:21:46 - train - INFO - Epoch  52/200 | Time:  8.33s | Loss: 0.2677 | BPR: 0.2251 | ILE: 0.0414 | L_H: 0.1375 L_M: 0.3874 L_T: 0.4895
2026-07-11 08:21:54 - train - INFO - Epoch  53/200 | Time:  8.12s | Loss: 0.2674 | BPR: 0.2245 | ILE: 0.0418 | L_H: 0.1371 L_M: 0.3863 L_T: 0.4983
2026-07-11 08:22:02 - train - INFO - Epoch  54/200 | Time:  8.33s | Loss: 0.2655 | BPR: 0.2238 | ILE: 0.0406 | L_H: 0.1370 L_M: 0.3843 L_T: 0.4782
2026-07-11 08:22:11 - train - INFO - Epoch  55/200 | Time:  8.39s | Loss: 0.2622 | BPR: 0.2206 | ILE: 0.0405 | L_H: 0.1350 L_M: 0.3791 L_T: 0.4789
2026-07-11 08:22:19 - train - INFO - Epoch  56/200 | Time:  8.35s | Loss: 0.2598 | BPR: 0.2191 | ILE: 0.0395 | L_H: 0.1349 L_M: 0.3752 L_T: 0.4649
2026-07-11 08:22:27 - train - INFO - Epoch  57/200 | Time:  8.28s | Loss: 0.2597 | BPR: 0.2182 | ILE: 0.0403 | L_H: 0.1337 L_M: 0.3746 L_T: 0.4742
2026-07-11 08:22:35 - train - INFO - Epoch  58/200 | Time:  8.15s | Loss: 0.2567 | BPR: 0.2163 | ILE: 0.0392 | L_H: 0.1332 L_M: 0.3703 L_T: 0.4584
2026-07-11 08:22:44 - train - INFO - Epoch  59/200 | Time:  8.29s | Loss: 0.2562 | BPR: 0.2151 | ILE: 0.0399 | L_H: 0.1327 L_M: 0.3677 L_T: 0.4688
2026-07-11 08:23:02 - train - INFO - Epoch  60/200 | Time:  8.30s | Loss: 0.2528 | BPR: 0.2134 | ILE: 0.0382 | Dist: 0.1527 | L_H: 0.1319 L_M: 0.3643 L_T: 0.4449 | nDCG: 0.3198 | UPD: 0.3117 | AD: 0.2169 | EE: 0.0215
2026-07-11 08:23:02 - train - INFO - Checkpoint saved: ./checkpoints/ile_std/checkpoint_epoch_60.pt
2026-07-11 08:23:03 - train - INFO - Checkpoint saved: ./checkpoints/ile_std/best_model.pt
2026-07-11 08:23:03 - train - INFO -   New best nDCG: 0.3198 (saved as best_model.pt)
2026-07-11 08:23:11 - train - INFO - Epoch  61/200 | Time:  8.29s | Loss: 0.2518 | BPR: 0.2122 | ILE: 0.0383 | L_H: 0.1311 L_M: 0.3624 L_T: 0.4528
2026-07-11 08:23:19 - train - INFO - Epoch  62/200 | Time:  8.24s | Loss: 0.2502 | BPR: 0.2107 | ILE: 0.0382 | L_H: 0.1307 L_M: 0.3590 L_T: 0.4466
2026-07-11 08:23:27 - train - INFO - Epoch  63/200 | Time:  8.20s | Loss: 0.2472 | BPR: 0.2093 | ILE: 0.0365 | L_H: 0.1298 L_M: 0.3570 L_T: 0.4250
2026-07-11 08:23:36 - train - INFO - Epoch  64/200 | Time:  8.46s | Loss: 0.2440 | BPR: 0.2073 | ILE: 0.0354 | L_H: 0.1292 L_M: 0.3525 L_T: 0.4120
2026-07-11 08:23:44 - train - INFO - Epoch  65/200 | Time:  8.43s | Loss: 0.2434 | BPR: 0.2060 | ILE: 0.0360 | L_H: 0.1279 L_M: 0.3512 L_T: 0.4212
2026-07-11 08:23:53 - train - INFO - Epoch  66/200 | Time:  8.41s | Loss: 0.2428 | BPR: 0.2055 | ILE: 0.0360 | L_H: 0.1277 L_M: 0.3502 L_T: 0.4177
2026-07-11 08:24:01 - train - INFO - Epoch  67/200 | Time:  8.46s | Loss: 0.2408 | BPR: 0.2040 | ILE: 0.0354 | L_H: 0.1275 L_M: 0.3462 L_T: 0.4128
2026-07-11 08:24:09 - train - INFO - Epoch  68/200 | Time:  8.28s | Loss: 0.2408 | BPR: 0.2028 | ILE: 0.0366 | L_H: 0.1269 L_M: 0.3436 L_T: 0.4268
2026-07-11 08:24:18 - train - INFO - Epoch  69/200 | Time:  8.35s | Loss: 0.2385 | BPR: 0.2018 | ILE: 0.0353 | L_H: 0.1261 L_M: 0.3422 L_T: 0.4121
2026-07-11 08:24:37 - train - INFO - Epoch  70/200 | Time:  8.41s | Loss: 0.2372 | BPR: 0.2012 | ILE: 0.0346 | Dist: 0.1385 | L_H: 0.1262 L_M: 0.3403 L_T: 0.4025 | nDCG: 0.3317 | UPD: 0.3055 | AD: 0.2431 | EE: 0.0261
2026-07-11 08:24:37 - train - INFO - Checkpoint saved: ./checkpoints/ile_std/checkpoint_epoch_70.pt
2026-07-11 08:24:37 - train - INFO - Checkpoint saved: ./checkpoints/ile_std/best_model.pt
2026-07-11 08:24:37 - train - INFO -   New best nDCG: 0.3317 (saved as best_model.pt)
2026-07-11 08:24:45 - train - INFO - Epoch  71/200 | Time:  8.35s | Loss: 0.2343 | BPR: 0.1986 | ILE: 0.0343 | L_H: 0.1247 L_M: 0.3362 L_T: 0.3930
2026-07-11 08:24:53 - train - INFO - Epoch  72/200 | Time:  8.27s | Loss: 0.2339 | BPR: 0.1983 | ILE: 0.0341 | L_H: 0.1235 L_M: 0.3374 L_T: 0.3925
2026-07-11 08:25:01 - train - INFO - Epoch  73/200 | Time:  8.18s | Loss: 0.2324 | BPR: 0.1973 | ILE: 0.0337 | L_H: 0.1235 L_M: 0.3345 L_T: 0.3836
2026-07-11 08:25:10 - train - INFO - Epoch  74/200 | Time:  8.42s | Loss: 0.2313 | BPR: 0.1958 | ILE: 0.0341 | L_H: 0.1234 L_M: 0.3304 L_T: 0.3871
2026-07-11 08:25:18 - train - INFO - Epoch  75/200 | Time:  8.32s | Loss: 0.2295 | BPR: 0.1945 | ILE: 0.0335 | L_H: 0.1230 L_M: 0.3273 L_T: 0.3836
2026-07-11 08:25:27 - train - INFO - Epoch  76/200 | Time:  8.36s | Loss: 0.2288 | BPR: 0.1935 | ILE: 0.0338 | L_H: 0.1221 L_M: 0.3265 L_T: 0.3847
2026-07-11 08:25:35 - train - INFO - Epoch  77/200 | Time:  8.42s | Loss: 0.2269 | BPR: 0.1921 | ILE: 0.0332 | L_H: 0.1214 L_M: 0.3237 L_T: 0.3774
2026-07-11 08:25:43 - train - INFO - Epoch  78/200 | Time:  8.18s | Loss: 0.2254 | BPR: 0.1918 | ILE: 0.0322 | L_H: 0.1210 L_M: 0.3234 L_T: 0.3714
2026-07-11 08:25:51 - train - INFO - Epoch  79/200 | Time:  8.33s | Loss: 0.2245 | BPR: 0.1905 | ILE: 0.0324 | L_H: 0.1205 L_M: 0.3207 L_T: 0.3712
2026-07-11 08:26:10 - train - INFO - Epoch  80/200 | Time:  8.34s | Loss: 0.2237 | BPR: 0.1893 | ILE: 0.0328 | Dist: 0.1314 | L_H: 0.1197 L_M: 0.3189 L_T: 0.3748 | nDCG: 0.3439 | UPD: 0.2992 | AD: 0.2704 | EE: 0.0312
2026-07-11 08:26:10 - train - INFO - Checkpoint saved: ./checkpoints/ile_std/checkpoint_epoch_80.pt
2026-07-11 08:26:10 - train - INFO - Checkpoint saved: ./checkpoints/ile_std/best_model.pt
2026-07-11 08:26:10 - train - INFO -   New best nDCG: 0.3439 (saved as best_model.pt)
2026-07-11 08:26:19 - train - INFO - Epoch  81/200 | Time:  8.35s | Loss: 0.2211 | BPR: 0.1883 | ILE: 0.0312 | L_H: 0.1196 L_M: 0.3162 L_T: 0.3560
2026-07-11 08:26:27 - train - INFO - Epoch  82/200 | Time:  8.36s | Loss: 0.2210 | BPR: 0.1878 | ILE: 0.0316 | L_H: 0.1188 L_M: 0.3164 L_T: 0.3545
2026-07-11 08:26:35 - train - INFO - Epoch  83/200 | Time:  8.42s | Loss: 0.2188 | BPR: 0.1862 | ILE: 0.0311 | L_H: 0.1186 L_M: 0.3121 L_T: 0.3519
2026-07-11 08:26:44 - train - INFO - Epoch  84/200 | Time:  8.26s | Loss: 0.2178 | BPR: 0.1853 | ILE: 0.0309 | L_H: 0.1179 L_M: 0.3110 L_T: 0.3468
2026-07-11 08:26:52 - train - INFO - Epoch  85/200 | Time:  8.50s | Loss: 0.2165 | BPR: 0.1844 | ILE: 0.0305 | L_H: 0.1177 L_M: 0.3085 L_T: 0.3436
2026-07-11 08:27:01 - train - INFO - Epoch  86/200 | Time:  8.49s | Loss: 0.2154 | BPR: 0.1835 | ILE: 0.0302 | L_H: 0.1171 L_M: 0.3073 L_T: 0.3415
2026-07-11 08:27:09 - train - INFO - Epoch  87/200 | Time:  8.53s | Loss: 0.2150 | BPR: 0.1831 | ILE: 0.0303 | L_H: 0.1164 L_M: 0.3078 L_T: 0.3330
2026-07-11 08:27:18 - train - INFO - Epoch  88/200 | Time:  8.50s | Loss: 0.2143 | BPR: 0.1824 | ILE: 0.0303 | L_H: 0.1161 L_M: 0.3059 L_T: 0.3367
2026-07-11 08:27:26 - train - INFO - Epoch  89/200 | Time:  8.27s | Loss: 0.2125 | BPR: 0.1810 | ILE: 0.0298 | L_H: 0.1157 L_M: 0.3029 L_T: 0.3301
2026-07-11 08:27:45 - train - INFO - Epoch  90/200 | Time:  8.51s | Loss: 0.2126 | BPR: 0.1804 | ILE: 0.0305 | Dist: 0.1219 | L_H: 0.1153 L_M: 0.3019 L_T: 0.3409 | nDCG: 0.3517 | UPD: 0.2946 | AD: 0.2925 | EE: 0.0356
2026-07-11 08:27:45 - train - INFO - Checkpoint saved: ./checkpoints/ile_std/checkpoint_epoch_90.pt
2026-07-11 08:27:45 - train - INFO - Checkpoint saved: ./checkpoints/ile_std/best_model.pt
2026-07-11 08:27:45 - train - INFO -   New best nDCG: 0.3517 (saved as best_model.pt)
2026-07-11 08:27:54 - train - INFO - Epoch  91/200 | Time:  8.45s | Loss: 0.2112 | BPR: 0.1800 | ILE: 0.0295 | L_H: 0.1151 L_M: 0.3011 L_T: 0.3270
2026-07-11 08:28:02 - train - INFO - Epoch  92/200 | Time:  8.50s | Loss: 0.2085 | BPR: 0.1781 | ILE: 0.0287 | L_H: 0.1139 L_M: 0.2979 L_T: 0.3191
2026-07-11 08:28:11 - train - INFO - Epoch  93/200 | Time:  8.50s | Loss: 0.2085 | BPR: 0.1778 | ILE: 0.0289 | L_H: 0.1140 L_M: 0.2970 L_T: 0.3170
2026-07-11 08:28:19 - train - INFO - Epoch  94/200 | Time:  8.24s | Loss: 0.2086 | BPR: 0.1773 | ILE: 0.0295 | L_H: 0.1136 L_M: 0.2961 L_T: 0.3303
2026-07-11 08:28:27 - train - INFO - Epoch  95/200 | Time:  8.30s | Loss: 0.2077 | BPR: 0.1767 | ILE: 0.0293 | L_H: 0.1135 L_M: 0.2945 L_T: 0.3206
2026-07-11 08:28:35 - train - INFO - Epoch  96/200 | Time:  8.27s | Loss: 0.2051 | BPR: 0.1757 | ILE: 0.0277 | L_H: 0.1129 L_M: 0.2930 L_T: 0.3048
2026-07-11 08:28:44 - train - INFO - Epoch  97/200 | Time:  8.27s | Loss: 0.2043 | BPR: 0.1747 | ILE: 0.0279 | L_H: 0.1123 L_M: 0.2912 L_T: 0.3075
2026-07-11 08:28:52 - train - INFO - Epoch  98/200 | Time:  8.31s | Loss: 0.2029 | BPR: 0.1734 | ILE: 0.0277 | L_H: 0.1120 L_M: 0.2882 L_T: 0.3035
2026-07-11 08:29:00 - train - INFO - Epoch  99/200 | Time:  8.20s | Loss: 0.2023 | BPR: 0.1727 | ILE: 0.0278 | L_H: 0.1116 L_M: 0.2871 L_T: 0.3039
2026-07-11 08:29:19 - train - INFO - Epoch 100/200 | Time:  8.38s | Loss: 0.2016 | BPR: 0.1725 | ILE: 0.0273 | Dist: 0.1091 | L_H: 0.1108 L_M: 0.2878 L_T: 0.2928 | nDCG: 0.3595 | UPD: 0.2890 | AD: 0.3071 | EE: 0.0397
2026-07-11 08:29:19 - train - INFO - Checkpoint saved: ./checkpoints/ile_std/checkpoint_epoch_100.pt
2026-07-11 08:29:19 - train - INFO - Checkpoint saved: ./checkpoints/ile_std/best_model.pt
2026-07-11 08:29:19 - train - INFO -   New best nDCG: 0.3595 (saved as best_model.pt)
2026-07-11 08:29:27 - train - INFO - Epoch 101/200 | Time:  8.37s | Loss: 0.2003 | BPR: 0.1712 | ILE: 0.0273 | L_H: 0.1110 L_M: 0.2837 L_T: 0.2995
2026-07-11 08:29:36 - train - INFO - Epoch 102/200 | Time:  8.39s | Loss: 0.1990 | BPR: 0.1708 | ILE: 0.0264 | L_H: 0.1103 L_M: 0.2839 L_T: 0.2830
2026-07-11 08:29:44 - train - INFO - Epoch 103/200 | Time:  8.41s | Loss: 0.1984 | BPR: 0.1694 | ILE: 0.0272 | L_H: 0.1097 L_M: 0.2811 L_T: 0.2953
2026-07-11 08:29:52 - train - INFO - Epoch 104/200 | Time:  8.09s | Loss: 0.1971 | BPR: 0.1689 | ILE: 0.0264 | L_H: 0.1098 L_M: 0.2793 L_T: 0.2882
2026-07-11 08:30:01 - train - INFO - Epoch 105/200 | Time:  8.46s | Loss: 0.1965 | BPR: 0.1684 | ILE: 0.0262 | L_H: 0.1088 L_M: 0.2800 L_T: 0.2837
2026-07-11 08:30:09 - train - INFO - Epoch 106/200 | Time:  8.34s | Loss: 0.1947 | BPR: 0.1675 | ILE: 0.0253 | L_H: 0.1087 L_M: 0.2777 L_T: 0.2701
2026-07-11 08:30:18 - train - INFO - Epoch 107/200 | Time:  8.53s | Loss: 0.1957 | BPR: 0.1673 | ILE: 0.0265 | L_H: 0.1091 L_M: 0.2762 L_T: 0.2837
2026-07-11 08:30:27 - train - INFO - Epoch 108/200 | Time:  9.04s | Loss: 0.1934 | BPR: 0.1657 | ILE: 0.0258 | L_H: 0.1079 L_M: 0.2738 L_T: 0.2758
2026-07-11 08:30:36 - train - INFO - Epoch 109/200 | Time:  8.99s | Loss: 0.1935 | BPR: 0.1653 | ILE: 0.0263 | L_H: 0.1074 L_M: 0.2738 L_T: 0.2724
2026-07-11 08:30:55 - train - INFO - Epoch 110/200 | Time:  9.06s | Loss: 0.1919 | BPR: 0.1645 | ILE: 0.0256 | Dist: 0.1023 | L_H: 0.1070 L_M: 0.2720 L_T: 0.2772 | nDCG: 0.3670 | UPD: 0.2840 | AD: 0.3187 | EE: 0.0440
2026-07-11 08:30:55 - train - INFO - Checkpoint saved: ./checkpoints/ile_std/checkpoint_epoch_110.pt
2026-07-11 08:30:55 - train - INFO - Checkpoint saved: ./checkpoints/ile_std/best_model.pt
2026-07-11 08:30:55 - train - INFO -   New best nDCG: 0.3670 (saved as best_model.pt)
2026-07-11 08:31:04 - train - INFO - Epoch 111/200 | Time:  8.39s | Loss: 0.1914 | BPR: 0.1637 | ILE: 0.0257 | L_H: 0.1068 L_M: 0.2703 L_T: 0.2752
2026-07-11 08:31:12 - train - INFO - Epoch 112/200 | Time:  8.27s | Loss: 0.1906 | BPR: 0.1633 | ILE: 0.0254 | L_H: 0.1064 L_M: 0.2698 L_T: 0.2674
2026-07-11 08:31:20 - train - INFO - Epoch 113/200 | Time:  8.35s | Loss: 0.1895 | BPR: 0.1624 | ILE: 0.0251 | L_H: 0.1065 L_M: 0.2672 L_T: 0.2682
2026-07-11 08:31:29 - train - INFO - Epoch 114/200 | Time:  8.10s | Loss: 0.1883 | BPR: 0.1618 | ILE: 0.0246 | L_H: 0.1059 L_M: 0.2665 L_T: 0.2620
2026-07-11 08:31:37 - train - INFO - Epoch 115/200 | Time:  8.39s | Loss: 0.1869 | BPR: 0.1612 | ILE: 0.0237 | L_H: 0.1053 L_M: 0.2663 L_T: 0.2512
2026-07-11 08:31:45 - train - INFO - Epoch 116/200 | Time:  8.38s | Loss: 0.1875 | BPR: 0.1606 | ILE: 0.0249 | L_H: 0.1055 L_M: 0.2637 L_T: 0.2620
2026-07-11 08:31:54 - train - INFO - Epoch 117/200 | Time:  8.38s | Loss: 0.1860 | BPR: 0.1598 | ILE: 0.0242 | L_H: 0.1054 L_M: 0.2617 L_T: 0.2604
2026-07-11 08:32:02 - train - INFO - Epoch 118/200 | Time:  8.50s | Loss: 0.1857 | BPR: 0.1584 | ILE: 0.0252 | L_H: 0.1043 L_M: 0.2596 L_T: 0.2646
2026-07-11 08:32:10 - train - INFO - Epoch 119/200 | Time:  8.14s | Loss: 0.1844 | BPR: 0.1585 | ILE: 0.0239 | L_H: 0.1037 L_M: 0.2611 L_T: 0.2497
2026-07-11 08:32:29 - train - INFO - Epoch 120/200 | Time:  8.40s | Loss: 0.1843 | BPR: 0.1576 | ILE: 0.0247 | Dist: 0.0987 | L_H: 0.1038 L_M: 0.2585 L_T: 0.2540 | nDCG: 0.3722 | UPD: 0.2792 | AD: 0.3338 | EE: 0.0473
2026-07-11 08:32:29 - train - INFO - Checkpoint saved: ./checkpoints/ile_std/checkpoint_epoch_120.pt
2026-07-11 08:32:29 - train - INFO - Checkpoint saved: ./checkpoints/ile_std/best_model.pt
2026-07-11 08:32:29 - train - INFO -   New best nDCG: 0.3722 (saved as best_model.pt)
2026-07-11 08:32:38 - train - INFO - Epoch 121/200 | Time:  8.33s | Loss: 0.1835 | BPR: 0.1570 | ILE: 0.0244 | L_H: 0.1032 L_M: 0.2580 L_T: 0.2579
2026-07-11 08:32:46 - train - INFO - Epoch 122/200 | Time:  8.47s | Loss: 0.1820 | BPR: 0.1563 | ILE: 0.0236 | L_H: 0.1031 L_M: 0.2558 L_T: 0.2477
2026-07-11 08:32:54 - train - INFO - Epoch 123/200 | Time:  8.32s | Loss: 0.1812 | BPR: 0.1560 | ILE: 0.0231 | L_H: 0.1029 L_M: 0.2556 L_T: 0.2427
2026-07-11 08:33:03 - train - INFO - Epoch 124/200 | Time:  8.15s | Loss: 0.1802 | BPR: 0.1548 | ILE: 0.0233 | L_H: 0.1027 L_M: 0.2526 L_T: 0.2454
2026-07-11 08:33:11 - train - INFO - Epoch 125/200 | Time:  8.45s | Loss: 0.1792 | BPR: 0.1542 | ILE: 0.0228 | L_H: 0.1020 L_M: 0.2524 L_T: 0.2344
2026-07-11 08:33:19 - train - INFO - Epoch 126/200 | Time:  8.41s | Loss: 0.1789 | BPR: 0.1539 | ILE: 0.0228 | L_H: 0.1021 L_M: 0.2513 L_T: 0.2361
2026-07-11 08:33:28 - train - INFO - Epoch 127/200 | Time:  8.25s | Loss: 0.1785 | BPR: 0.1529 | ILE: 0.0235 | L_H: 0.1008 L_M: 0.2507 L_T: 0.2377
2026-07-11 08:33:36 - train - INFO - Epoch 128/200 | Time:  8.37s | Loss: 0.1765 | BPR: 0.1523 | ILE: 0.0221 | L_H: 0.1010 L_M: 0.2487 L_T: 0.2217
2026-07-11 08:33:44 - train - INFO - Epoch 129/200 | Time:  8.10s | Loss: 0.1766 | BPR: 0.1522 | ILE: 0.0222 | L_H: 0.1010 L_M: 0.2484 L_T: 0.2293
2026-07-11 08:34:03 - train - INFO - Epoch 130/200 | Time:  8.42s | Loss: 0.1761 | BPR: 0.1515 | ILE: 0.0224 | Dist: 0.0897 | L_H: 0.1007 L_M: 0.2471 L_T: 0.2249 | nDCG: 0.3786 | UPD: 0.2750 | AD: 0.3446 | EE: 0.0505
2026-07-11 08:34:03 - train - INFO - Checkpoint saved: ./checkpoints/ile_std/checkpoint_epoch_130.pt
2026-07-11 08:34:03 - train - INFO - Checkpoint saved: ./checkpoints/ile_std/best_model.pt
2026-07-11 08:34:03 - train - INFO -   New best nDCG: 0.3786 (saved as best_model.pt)
2026-07-11 08:34:12 - train - INFO - Epoch 131/200 | Time:  8.47s | Loss: 0.1750 | BPR: 0.1506 | ILE: 0.0222 | L_H: 0.1003 L_M: 0.2452 L_T: 0.2303
2026-07-11 08:34:20 - train - INFO - Epoch 132/200 | Time:  8.53s | Loss: 0.1744 | BPR: 0.1499 | ILE: 0.0223 | L_H: 0.0998 L_M: 0.2440 L_T: 0.2307
2026-07-11 08:34:29 - train - INFO - Epoch 133/200 | Time:  8.40s | Loss: 0.1738 | BPR: 0.1494 | ILE: 0.0221 | L_H: 0.0998 L_M: 0.2429 L_T: 0.2212
2026-07-11 08:34:37 - train - INFO - Epoch 134/200 | Time:  8.19s | Loss: 0.1740 | BPR: 0.1487 | ILE: 0.0231 | L_H: 0.0989 L_M: 0.2423 L_T: 0.2323
2026-07-11 08:34:45 - train - INFO - Epoch 135/200 | Time:  8.40s | Loss: 0.1724 | BPR: 0.1487 | ILE: 0.0214 | L_H: 0.0991 L_M: 0.2420 L_T: 0.2163
2026-07-11 08:34:54 - train - INFO - Epoch 136/200 | Time:  8.43s | Loss: 0.1727 | BPR: 0.1483 | ILE: 0.0222 | L_H: 0.0990 L_M: 0.2408 L_T: 0.2284
2026-07-11 08:35:02 - train - INFO - Epoch 137/200 | Time:  8.45s | Loss: 0.1720 | BPR: 0.1474 | ILE: 0.0223 | L_H: 0.0981 L_M: 0.2402 L_T: 0.2179
2026-07-11 08:35:10 - train - INFO - Epoch 138/200 | Time:  8.37s | Loss: 0.1706 | BPR: 0.1461 | ILE: 0.0222 | L_H: 0.0977 L_M: 0.2369 L_T: 0.2202
2026-07-11 08:35:19 - train - INFO - Epoch 139/200 | Time:  8.12s | Loss: 0.1697 | BPR: 0.1461 | ILE: 0.0214 | L_H: 0.0982 L_M: 0.2361 L_T: 0.2158
2026-07-11 08:35:37 - train - INFO - Epoch 140/200 | Time:  8.43s | Loss: 0.1684 | BPR: 0.1454 | ILE: 0.0207 | Dist: 0.0829 | L_H: 0.0970 L_M: 0.2366 L_T: 0.2076 | nDCG: 0.3837 | UPD: 0.2705 | AD: 0.3573 | EE: 0.0537
2026-07-11 08:35:37 - train - INFO - Checkpoint saved: ./checkpoints/ile_std/checkpoint_epoch_140.pt
2026-07-11 08:35:37 - train - INFO - Checkpoint saved: ./checkpoints/ile_std/best_model.pt
2026-07-11 08:35:37 - train - INFO -   New best nDCG: 0.3837 (saved as best_model.pt)
2026-07-11 08:35:46 - train - INFO - Epoch 141/200 | Time:  8.39s | Loss: 0.1679 | BPR: 0.1445 | ILE: 0.0211 | L_H: 0.0976 L_M: 0.2326 L_T: 0.2172
2026-07-11 08:35:54 - train - INFO - Epoch 142/200 | Time:  8.33s | Loss: 0.1677 | BPR: 0.1444 | ILE: 0.0210 | L_H: 0.0971 L_M: 0.2333 L_T: 0.2071
2026-07-11 08:36:03 - train - INFO - Epoch 143/200 | Time:  8.43s | Loss: 0.1671 | BPR: 0.1438 | ILE: 0.0211 | L_H: 0.0965 L_M: 0.2326 L_T: 0.2167
2026-07-11 08:36:11 - train - INFO - Epoch 144/200 | Time:  8.43s | Loss: 0.1655 | BPR: 0.1426 | ILE: 0.0206 | L_H: 0.0960 L_M: 0.2304 L_T: 0.2089
2026-07-11 08:36:19 - train - INFO - Epoch 145/200 | Time:  8.32s | Loss: 0.1656 | BPR: 0.1429 | ILE: 0.0204 | L_H: 0.0963 L_M: 0.2306 L_T: 0.1992
2026-07-11 08:36:28 - train - INFO - Epoch 146/200 | Time:  8.31s | Loss: 0.1647 | BPR: 0.1416 | ILE: 0.0207 | L_H: 0.0953 L_M: 0.2288 L_T: 0.2042
2026-07-11 08:36:36 - train - INFO - Epoch 147/200 | Time:  8.48s | Loss: 0.1645 | BPR: 0.1413 | ILE: 0.0209 | L_H: 0.0954 L_M: 0.2275 L_T: 0.2100
2026-07-11 08:36:44 - train - INFO - Epoch 148/200 | Time:  8.36s | Loss: 0.1628 | BPR: 0.1403 | ILE: 0.0201 | L_H: 0.0950 L_M: 0.2255 L_T: 0.1993
2026-07-11 08:36:53 - train - INFO - Epoch 149/200 | Time:  8.43s | Loss: 0.1628 | BPR: 0.1394 | ILE: 0.0210 | L_H: 0.0941 L_M: 0.2247 L_T: 0.2063
2026-07-11 08:37:12 - train - INFO - Epoch 150/200 | Time:  8.37s | Loss: 0.1616 | BPR: 0.1391 | ILE: 0.0201 | Dist: 0.0804 | L_H: 0.0946 L_M: 0.2228 L_T: 0.2021 | nDCG: 0.3884 | UPD: 0.2670 | AD: 0.3662 | EE: 0.0572
2026-07-11 08:37:12 - train - INFO - Checkpoint saved: ./checkpoints/ile_std/checkpoint_epoch_150.pt
2026-07-11 08:37:12 - train - INFO - Checkpoint saved: ./checkpoints/ile_std/best_model.pt
2026-07-11 08:37:12 - train - INFO -   New best nDCG: 0.3884 (saved as best_model.pt)
2026-07-11 08:37:20 - train - INFO - Epoch 151/200 | Time:  8.41s | Loss: 0.1612 | BPR: 0.1391 | ILE: 0.0196 | L_H: 0.0945 L_M: 0.2231 L_T: 0.1942
2026-07-11 08:37:29 - train - INFO - Epoch 152/200 | Time:  8.32s | Loss: 0.1619 | BPR: 0.1392 | ILE: 0.0203 | L_H: 0.0949 L_M: 0.2225 L_T: 0.2029
2026-07-11 08:37:37 - train - INFO - Epoch 153/200 | Time:  8.34s | Loss: 0.1599 | BPR: 0.1378 | ILE: 0.0197 | L_H: 0.0938 L_M: 0.2209 L_T: 0.1939
2026-07-11 08:37:45 - train - INFO - Epoch 154/200 | Time:  8.37s | Loss: 0.1596 | BPR: 0.1378 | ILE: 0.0194 | L_H: 0.0940 L_M: 0.2202 L_T: 0.1865
2026-07-11 08:37:53 - train - INFO - Epoch 155/200 | Time:  8.15s | Loss: 0.1586 | BPR: 0.1365 | ILE: 0.0197 | L_H: 0.0934 L_M: 0.2175 L_T: 0.1950
2026-07-11 08:38:02 - train - INFO - Epoch 156/200 | Time:  8.45s | Loss: 0.1589 | BPR: 0.1363 | ILE: 0.0201 | L_H: 0.0927 L_M: 0.2185 L_T: 0.1994
2026-07-11 08:38:10 - train - INFO - Epoch 157/200 | Time:  8.37s | Loss: 0.1575 | BPR: 0.1360 | ILE: 0.0190 | L_H: 0.0928 L_M: 0.2173 L_T: 0.1822
2026-07-11 08:38:19 - train - INFO - Epoch 158/200 | Time:  8.45s | Loss: 0.1575 | BPR: 0.1357 | ILE: 0.0193 | L_H: 0.0930 L_M: 0.2162 L_T: 0.1948
2026-07-11 08:38:27 - train - INFO - Epoch 159/200 | Time:  8.39s | Loss: 0.1563 | BPR: 0.1348 | ILE: 0.0190 | L_H: 0.0923 L_M: 0.2150 L_T: 0.1790
2026-07-11 08:38:46 - train - INFO - Epoch 160/200 | Time:  8.20s | Loss: 0.1552 | BPR: 0.1343 | ILE: 0.0184 | Dist: 0.0738 | L_H: 0.0923 L_M: 0.2135 L_T: 0.1789 | nDCG: 0.3927 | UPD: 0.2637 | AD: 0.3797 | EE: 0.0601
2026-07-11 08:38:46 - train - INFO - Checkpoint saved: ./checkpoints/ile_std/checkpoint_epoch_160.pt
2026-07-11 08:38:46 - train - INFO - Checkpoint saved: ./checkpoints/ile_std/best_model.pt
2026-07-11 08:38:46 - train - INFO -   New best nDCG: 0.3927 (saved as best_model.pt)
2026-07-11 08:38:54 - train - INFO - Epoch 161/200 | Time:  8.36s | Loss: 0.1558 | BPR: 0.1340 | ILE: 0.0193 | L_H: 0.0922 L_M: 0.2128 L_T: 0.1906
2026-07-11 08:39:03 - train - INFO - Epoch 162/200 | Time:  8.38s | Loss: 0.1541 | BPR: 0.1328 | ILE: 0.0187 | L_H: 0.0908 L_M: 0.2123 L_T: 0.1787
2026-07-11 08:39:11 - train - INFO - Epoch 163/200 | Time:  8.33s | Loss: 0.1541 | BPR: 0.1325 | ILE: 0.0190 | L_H: 0.0912 L_M: 0.2105 L_T: 0.1862
2026-07-11 08:39:19 - train - INFO - Epoch 164/200 | Time:  8.44s | Loss: 0.1546 | BPR: 0.1323 | ILE: 0.0197 | L_H: 0.0912 L_M: 0.2095 L_T: 0.1960
2026-07-11 08:39:27 - train - INFO - Epoch 165/200 | Time:  8.09s | Loss: 0.1531 | BPR: 0.1316 | ILE: 0.0189 | L_H: 0.0904 L_M: 0.2092 L_T: 0.1839
2026-07-11 08:39:36 - train - INFO - Epoch 166/200 | Time:  8.40s | Loss: 0.1519 | BPR: 0.1314 | ILE: 0.0179 | L_H: 0.0904 L_M: 0.2088 L_T: 0.1696
2026-07-11 08:39:44 - train - INFO - Epoch 167/200 | Time:  8.35s | Loss: 0.1523 | BPR: 0.1312 | ILE: 0.0185 | L_H: 0.0903 L_M: 0.2086 L_T: 0.1729
2026-07-11 08:39:53 - train - INFO - Epoch 168/200 | Time:  8.46s | Loss: 0.1512 | BPR: 0.1306 | ILE: 0.0180 | L_H: 0.0900 L_M: 0.2075 L_T: 0.1716
2026-07-11 08:40:01 - train - INFO - Epoch 169/200 | Time:  8.39s | Loss: 0.1511 | BPR: 0.1299 | ILE: 0.0186 | L_H: 0.0900 L_M: 0.2051 L_T: 0.1749
2026-07-11 08:40:20 - train - INFO - Epoch 170/200 | Time:  8.21s | Loss: 0.1501 | BPR: 0.1296 | ILE: 0.0179 | Dist: 0.0714 | L_H: 0.0894 L_M: 0.2056 L_T: 0.1739 | nDCG: 0.3967 | UPD: 0.2624 | AD: 0.3861 | EE: 0.0621
2026-07-11 08:40:20 - train - INFO - Checkpoint saved: ./checkpoints/ile_std/checkpoint_epoch_170.pt
2026-07-11 08:40:20 - train - INFO - Checkpoint saved: ./checkpoints/ile_std/best_model.pt
2026-07-11 08:40:20 - train - INFO -   New best nDCG: 0.3967 (saved as best_model.pt)
2026-07-11 08:40:28 - train - INFO - Epoch 171/200 | Time:  8.40s | Loss: 0.1499 | BPR: 0.1285 | ILE: 0.0187 | L_H: 0.0886 L_M: 0.2036 L_T: 0.1812
2026-07-11 08:40:37 - train - INFO - Epoch 172/200 | Time:  8.38s | Loss: 0.1490 | BPR: 0.1284 | ILE: 0.0179 | L_H: 0.0886 L_M: 0.2033 L_T: 0.1722
2026-07-11 08:40:45 - train - INFO - Epoch 173/200 | Time:  8.40s | Loss: 0.1483 | BPR: 0.1280 | ILE: 0.0177 | L_H: 0.0887 L_M: 0.2021 L_T: 0.1694
2026-07-11 08:40:53 - train - INFO - Epoch 174/200 | Time:  8.37s | Loss: 0.1479 | BPR: 0.1271 | ILE: 0.0181 | L_H: 0.0885 L_M: 0.2000 L_T: 0.1770
2026-07-11 08:41:02 - train - INFO - Epoch 175/200 | Time:  8.28s | Loss: 0.1472 | BPR: 0.1269 | ILE: 0.0176 | L_H: 0.0886 L_M: 0.1992 L_T: 0.1673
2026-07-11 08:41:10 - train - INFO - Epoch 176/200 | Time:  8.32s | Loss: 0.1472 | BPR: 0.1265 | ILE: 0.0180 | L_H: 0.0877 L_M: 0.1996 L_T: 0.1681
2026-07-11 08:41:18 - train - INFO - Epoch 177/200 | Time:  8.27s | Loss: 0.1464 | BPR: 0.1262 | ILE: 0.0175 | L_H: 0.0875 L_M: 0.1991 L_T: 0.1673
2026-07-11 08:41:27 - train - INFO - Epoch 178/200 | Time:  8.40s | Loss: 0.1453 | BPR: 0.1251 | ILE: 0.0175 | L_H: 0.0869 L_M: 0.1973 L_T: 0.1633
2026-07-11 08:41:35 - train - INFO - Epoch 179/200 | Time:  8.42s | Loss: 0.1452 | BPR: 0.1247 | ILE: 0.0177 | L_H: 0.0871 L_M: 0.1956 L_T: 0.1735
2026-07-11 08:41:54 - train - INFO - Epoch 180/200 | Time:  8.16s | Loss: 0.1435 | BPR: 0.1241 | ILE: 0.0167 | Dist: 0.0668 | L_H: 0.0868 L_M: 0.1943 L_T: 0.1603 | nDCG: 0.4005 | UPD: 0.2578 | AD: 0.3985 | EE: 0.0650
2026-07-11 08:41:54 - train - INFO - Checkpoint saved: ./checkpoints/ile_std/checkpoint_epoch_180.pt
2026-07-11 08:41:54 - train - INFO - Checkpoint saved: ./checkpoints/ile_std/best_model.pt
2026-07-11 08:41:54 - train - INFO -   New best nDCG: 0.4005 (saved as best_model.pt)
2026-07-11 08:42:02 - train - INFO - Epoch 181/200 | Time:  8.44s | Loss: 0.1449 | BPR: 0.1246 | ILE: 0.0176 | L_H: 0.0868 L_M: 0.1959 L_T: 0.1654
2026-07-11 08:42:11 - train - INFO - Epoch 182/200 | Time:  8.59s | Loss: 0.1431 | BPR: 0.1236 | ILE: 0.0168 | L_H: 0.0868 L_M: 0.1929 L_T: 0.1580
2026-07-11 08:42:19 - train - INFO - Epoch 183/200 | Time:  8.45s | Loss: 0.1424 | BPR: 0.1227 | ILE: 0.0169 | L_H: 0.0861 L_M: 0.1917 L_T: 0.1609
2026-07-11 08:42:28 - train - INFO - Epoch 184/200 | Time:  8.40s | Loss: 0.1424 | BPR: 0.1222 | ILE: 0.0173 | L_H: 0.0858 L_M: 0.1909 L_T: 0.1645
2026-07-11 08:42:36 - train - INFO - Epoch 185/200 | Time:  8.13s | Loss: 0.1416 | BPR: 0.1223 | ILE: 0.0165 | L_H: 0.0857 L_M: 0.1917 L_T: 0.1479
2026-07-11 08:42:44 - train - INFO - Epoch 186/200 | Time:  8.30s | Loss: 0.1409 | BPR: 0.1212 | ILE: 0.0169 | L_H: 0.0847 L_M: 0.1900 L_T: 0.1635
2026-07-11 08:42:53 - train - INFO - Epoch 187/200 | Time:  8.47s | Loss: 0.1406 | BPR: 0.1214 | ILE: 0.0163 | L_H: 0.0856 L_M: 0.1891 L_T: 0.1546
2026-07-11 08:43:01 - train - INFO - Epoch 188/200 | Time:  8.44s | Loss: 0.1408 | BPR: 0.1211 | ILE: 0.0168 | L_H: 0.0853 L_M: 0.1888 L_T: 0.1576
2026-07-11 08:43:10 - train - INFO - Epoch 189/200 | Time:  8.44s | Loss: 0.1394 | BPR: 0.1200 | ILE: 0.0166 | L_H: 0.0845 L_M: 0.1869 L_T: 0.1549
2026-07-11 08:43:28 - train - INFO - Epoch 190/200 | Time:  8.11s | Loss: 0.1397 | BPR: 0.1200 | ILE: 0.0168 | Dist: 0.0672 | L_H: 0.0844 L_M: 0.1873 L_T: 0.1575 | nDCG: 0.4039 | UPD: 0.2543 | AD: 0.4072 | EE: 0.0679
2026-07-11 08:43:28 - train - INFO - Checkpoint saved: ./checkpoints/ile_std/checkpoint_epoch_190.pt
2026-07-11 08:43:28 - train - INFO - Checkpoint saved: ./checkpoints/ile_std/best_model.pt
2026-07-11 08:43:28 - train - INFO -   New best nDCG: 0.4039 (saved as best_model.pt)
2026-07-11 08:43:36 - train - INFO - Epoch 191/200 | Time:  8.39s | Loss: 0.1395 | BPR: 0.1202 | ILE: 0.0165 | L_H: 0.0848 L_M: 0.1871 L_T: 0.1498
2026-07-11 08:43:45 - train - INFO - Epoch 192/200 | Time:  8.35s | Loss: 0.1376 | BPR: 0.1191 | ILE: 0.0156 | L_H: 0.0843 L_M: 0.1851 L_T: 0.1418
2026-07-11 08:43:53 - train - INFO - Epoch 193/200 | Time:  8.29s | Loss: 0.1379 | BPR: 0.1187 | ILE: 0.0163 | L_H: 0.0837 L_M: 0.1848 L_T: 0.1492
2026-07-11 08:44:01 - train - INFO - Epoch 194/200 | Time:  8.29s | Loss: 0.1376 | BPR: 0.1183 | ILE: 0.0163 | L_H: 0.0838 L_M: 0.1835 L_T: 0.1528
2026-07-11 08:44:10 - train - INFO - Epoch 195/200 | Time:  8.12s | Loss: 0.1367 | BPR: 0.1177 | ILE: 0.0161 | L_H: 0.0835 L_M: 0.1824 L_T: 0.1497
2026-07-11 08:44:18 - train - INFO - Epoch 196/200 | Time:  8.33s | Loss: 0.1369 | BPR: 0.1176 | ILE: 0.0164 | L_H: 0.0831 L_M: 0.1827 L_T: 0.1561
2026-07-11 08:44:26 - train - INFO - Epoch 197/200 | Time:  8.40s | Loss: 0.1358 | BPR: 0.1171 | ILE: 0.0157 | L_H: 0.0836 L_M: 0.1807 L_T: 0.1463
2026-07-11 08:44:35 - train - INFO - Epoch 198/200 | Time:  8.30s | Loss: 0.1346 | BPR: 0.1159 | ILE: 0.0156 | L_H: 0.0824 L_M: 0.1795 L_T: 0.1408
2026-07-11 08:44:43 - train - INFO - Epoch 199/200 | Time:  8.24s | Loss: 0.1343 | BPR: 0.1160 | ILE: 0.0153 | L_H: 0.0828 L_M: 0.1791 L_T: 0.1390
2026-07-11 08:45:01 - train - INFO - Epoch 200/200 | Time:  8.23s | Loss: 0.1340 | BPR: 0.1156 | ILE: 0.0155 | Dist: 0.0618 | L_H: 0.0824 L_M: 0.1783 L_T: 0.1404 | nDCG: 0.4064 | UPD: 0.2521 | AD: 0.4131 | EE: 0.0701
2026-07-11 08:45:01 - train - INFO - Checkpoint saved: ./checkpoints/ile_std/checkpoint_epoch_200.pt
2026-07-11 08:45:02 - train - INFO - Checkpoint saved: ./checkpoints/ile_std/best_model.pt
2026-07-11 08:45:02 - train - INFO -   New best nDCG: 0.4064 (saved as best_model.pt)
2026-07-11 08:45:02 - train - INFO - Training completed in 1666.79s (27.78min)
2026-07-11 08:45:02 - train - INFO - Best model: epoch 200, nDCG=0.4064
2026-07-11 08:45:02 - train - INFO - ============================================================
2026-07-11 08:45:02 - train - INFO - Training Complete!
2026-07-11 08:45:02 - train - INFO - ============================================================
2026-07-11 08:45:02 - train - INFO - Final Evaluation Metrics:
2026-07-11 08:45:02 - train - INFO -   nDCG      : 0.4064
2026-07-11 08:45:02 - train - INFO -   UPD       : 0.2521
2026-07-11 08:45:02 - train - INFO -   AD        : 0.4131
2026-07-11 08:45:02 - train - INFO -   EE        : 0.0701
